Tweet,pos,neg
你也去了吗,1,1
没声音😱,1,3
妳去装屌啊,1,2
玩风ㄉ宝宝,1,1
直髮,1,1
开车来礁溪找我泡汤好了,1,1
长期处在一个「哇好美我真的好会摄影」跟「呜呜呜我拍照好烂喔」的 loop 里。,3,2
路过，希望说出来能让你更自在！,2,1
高雄设计设计高雄 @ 爱河真爱码头 &amp; 高雄流行音乐中心,1,1
"谢谢你就这样陪了我快十年
 
 小森海黑蓝 RIP 2012-2022 @ Locker Room",2,1
中规中矩，好吃但算不上惊艳，以价格来说CP值不高,2,2
没事没事~小意思,2,1
"现在又再摇
 
 摇了整晚",1,1
可恶现在才看到,1,2
"＼克劳迪亚×Dr.STONE／
 
 联动活动正在进行！
 
 製作出「磺胺剂」，获取豪华奖励吧。
 
 
 
 同时，
 
 只要参加活动就能得到1个联动角色！
 
 
 
 #克劳迪亚 #Dr.STONE",3,1
"上次看到超想买的
 
 可惜家里没地方放🥺🥺",2,2
好喔,2,1
我下面哪里,1,1
"她说饼乾🍪要留给阿姨吃
 
 
 
 可是阿姨要下礼拜才会放假回来啊⋯⋯😂
 
 
 
 #黄猪宝烘培课第二堂
 
 
 
 #黄猪宝8Y2M18D @ 善化区六分寮",2,1
"任性的花莲快闪
 
 我会再回来的❤️ @ 翡翠谷",3,1
搞那麽複杂🤦‍♂️,1,3
"妈的不要再说双下巴
 
 双下巴是好事",2,2
来啊,1,1
姨妈：再不来就要被妳尻死了～,2,2
"路克思，17，高三生
 
 让我印象深刻的学生
 
 自己留讯说要上课
 
 而且一个礼拜要上三次
 
 很有自己的目标少年
 
 经过4个多月的努力
 
 他，终於申请到美国大学
 
 九月要出发了
 
 我，相信他一定会成功的",3,1
别说阿中部长的签名版新书了，就算是一般平装也没货，不过电子版也是可以啦！,2,1
PS4悠遊卡😆 @ 阳光运动园区,2,1
"ㄟㄟ
 
 这也太美❤️",3,1
烂透了…,1,3
"他们只会杀无反击能力的人阿
 
 狗党俄毛差不多",1,3
社区大学电子琴课🎼🎹🎵🎶,2,1
一对+2,1,1
哈哈 要出去晃晃吗😉,3,1
"站在一样的座标点，还记得四十多年前的唸想吗？
 
 时间一个静止一个流动…
 
 #启智 @ 青年公园",1,1
我知道你是吃屎长大的,1,4
"尴尬尴尬 认错人
 
 尴尬
 
 
 
 都是读护理 但带给人的感觉都也好像🥱",1,3
我可以吗？😂,2,1
「脱线」的人生精彩谢幕，喜欢的谐星，谢谢你。,3,1
那就发挥想像力吧😊,2,1
自信就是人#就ㄤˊㄔˇ🙂😌😭😌👌,2,2
再等什麽,1,1
"【梦文梦醒】
 
 意外的，一首歌成了想起梦境的开关
 
 我们被参加了一个生存遊戏，跟我们玩的是一个能操控植物并利用植物操控人的…人？
 
 先是拿枪扫射还以为冷静后换用植物控制我们参加下个遊戏
 
 最后是以""黑暗鱿鱼""做为最后(下收玩法)，但是还没破关就醒来了",1,1
谢谢老师❤️,3,1
好爽喔,2,1
谢谢🤩(窝有帮你填问卷),3,1
跟你坏,1,1
刚刚发佈了 1 张相片 @ 勤美 诚品绿园道,1,1
聊天吗？,1,1
特喜欢,3,1
啊 我忘了 妳等等,1,1
有感觉就什麽都不会管了吧,1,1
刚刚发佈了 1 张相片 @ 初沐Qmilk Coffee&amp;JuiceBar基隆美食 炙烧吐司盒子,1,1
哈哈哈哈哈哈结果大家以为照片里的是前任😃,3,1
月岳看起来超适合当1号压,2,1
兇XDD,2,2
"美颜相机出马
 
 人人皮肤好",2,1
我无法理解欧巴桑们拚死拚活也要拿到一包路边免费上面还有候选人大脸纸巾的精神,1,2
帅帅气气的 @ 丽宝国际赛车场Lihpao Racing,2,1
中坜哪里～,1,1
下次谁再说仙后座可以找北极星试试看！明明就害我对到少卫增八去(气死,1,3
还没睡啊,1,1
猪脚蹄膀,1,1
我离开了🥲,1,2
"对不起我看到
 
 
 
 被告
 
 
 
 笑了",2,1
找个能幹的助理,1,1
好玩又好臭,2,2
什麽时候要脱一下,1,1
你这是要表达什麽呢？直接讲清楚可以吗？,1,2
怕被口了 就逃离不了妳了,1,2
真好，能报名吗？,2,1
老旅馆的味道,1,1
是不是旁边的头髮长太长的时候很好用（？,1,1
是要换帐号,1,1
当我习惯十点多上班，七点多八点下班…🙈🙊,1,1
苗栗有没有很色的妹子要打炮啊！😁,3,1
是一样在八仙步道上吗 佳宝台,1,1
"这只是票数统计不算正解啊
 
 不然韩国瑜就当选了？",1,1
"呜呜呜感谢你🥹
 
 我犹豫很久在那边翻推确认就发现你在交换卡片🤣
 
 超级好看呜呜呜
 
 桓超级可爱的呜呜呜❤️
 
 （但我脑子一片空白不知道说什麽🫠希望没有太奇怪orz",5,2
用简配版夹眼镜架就很清楚了XD,2,1
想撞,1,1
卖原味吗,1,1
蛤有这麽惨,1,2
啊啊啊啊HMV让我结帐啊啊啊啊啊啊啊！,1,2
我遇到的射手只会对喜欢的人回覆讯息很快或是频繁，对一般人都很慢,1,1
我都不舍球这个,1,2
明天回诊完没问题我就要去打了！（之前我的医生不让我打booster，明天再跟他「沟通」）,2,1
你是勤跑健身房就瘦下了喔？想跟你很你可爱喔🤭,3,1
来给你抱,2,1
"有人在中坜泰丰吗
 
 想要有人陪🥵",2,1
"讲的真好
 
 
 
 可以套在许多现在的争论上
 
 
 
 例如频频针对¢「呱吉」「百灵果」的那群莫名仇恨的人",2,2
看照片也知道年龄不止35岁，这茶店生意一定很差！,1,3
圈圈準备好了吗？,1,1
我回来了♥️,2,1
太可爱了我死了🥰,4,1
好大喔,2,1
这样说幹不久了,1,1
辣妈情人节快乐喔,2,1
"有花莲人吗
 
 
 
 #限时删",1,1
"在半年前认识了诶里，我很幸运
 
 诶里很照顾大家，就真的像一个天使一样守护在大家身边。在我难过时，还特地唱歌给我听，当下我很感动。也透过诶里认识了其他观众，平常就默默的看着大家互动当个吃瓜群众。
 
 明信片真的很好看，我会好好保存的
 
 新年快乐，今年也请多多指教",4,1
他大概不知道，我其实是新竹人，甚至有台北人的自我认同，根本不是南部人；他大概不知道，我其实不如他想像的那麽好，除了政大的名号以外一无所有；他大概也不知道，我一开始在APP上的附註，甚至为了怕麻烦，而刻意选了路程不交谈的选项。,1,3
"CHENGE巡航总部在LINE官方帐号登场囉！
 
 我们将会提供许多好康资讯给大家，
 
 
 
 请利用下方连结，将我们的帐号加入好友来接收优惠资讯：",3,1
还是有可爱的学生！,3,1
刚刚发佈了 1 张相片 @ JR东日本大饭店台北-Hotel Metropolitan Premier Taipei,1,1
我好期待台湾民众党直接灭党,2,2
好誇张喔哈哈哈,3,1
老天爷都会截长补短，性功能不行，很会赚钱，如果都不行，还长得不好看🤔那没救了😂就好好侍奉双亲即可😂,3,2
"没礼貌的帅哥：约吗
 
 妹子：好
 
 有礼貌的普男：约吗
 
 妹子：滚😡
 
 
 
 😂😂😂😂",2,2
帮我外带美食😂,2,1
那大家 跟大家不会搞混吗？,1,1
结语那里有彩蛋(?)w,2,1
"冤煞收事𤲍烧
 
 Uan suah siu-sū kheh-sio
 
 打完架大和解取暖
 
 
 
 #每日一朕 @ 东信路 35 巷",1,1
"出了一点技术问题！😅
 
 我们看看23:00 pm能否顺利发售成功？！",2,2
在喔！,2,1
明年2/3，包场喔，不准跑,2,1
最近感冒！好几天没喝了，突然觉得自己变得好健康😄,3,2
卖掉Bitcoin改买BNB试试,1,1
超帅的,3,1
留给我,1,1
"就是这个👇😅
 
 店员说话太快听不懂? 13种结帐时会听到的日文全在这",2,2
好可爱的🤣🤣🤣但我看到猪头皮勒😳😳😳快跑,3,2
谁的呀😂,2,1
他们喜欢我,2,1
"你若有理，不需要争；你若无理，没有脸争。
 
 
 
 得理也要饶人，无理就会惭愧。
 
 
 
 让一让，让你的生活减少不必要的烦恼，让你的人生多份看得见的美好。
 
 
 
 会让，你才是赢家；让了，你才是智者！
 
 
 
 放下自在 🍃",3,2
"久违的聚餐
 
 ✌✌✌ @ 小歇泡沫红茶店",3,1
请乖乖😂,2,1
这个真的是很贴心的想法，但其实我也只是一日志工而已，建议还是要打电话到外交部确认才不会白跑一趟🙏,2,1
刚刚发佈了 1 张相片 @ 徐大姊炸香香,1,1
"刚刚发佈了 1 张相片 @ Wuci District, Taichung City",1,1
可遇不可求🥲,1,2
终於来第一剂了 @ 新竹市中正市场,2,1
"我早上做了一个梦
 
 一个堪比遊戏的冒险梦
 
 然后我现在起来身体好痠
 
 一定是我在梦中运动太多
 
 🥲🥲🥲",2,2
当然是成就感,2,1
"？？？
 
 外婆的月经是大学才来吗ಠ_ಠ",1,2
"dear, 如果这阵子有传讯息给仓仓被已读的话请不要紧张
 
 
 
 那是我。
 
 
 
 解释一下，不是要盗用身份什麽的，是当初仓仓离开前除了请我帮她跟推友们道别外，还请我帮她打爆噁男们。这一个月你们无法想像有多少肉帐追踪她，为了不负委託，我会时不时来清一下，以上。
 
 虽然不知道谁会看到就是了",1,3
哈哈好快突破盲点,3,1
也有科研，性质还挺多样化，民营色彩浓厚,1,1
可以把自己料理好送上床吗…,1,1
"2022年第一慑
 
 新年快乐XDD
 
 #初音ミク 
 
 #初音 
 
 #初音未来 
 
 #樱初音 
 
 #黏土人
 
 #VOCALOID 
 
 #hatsunemiku
 
 #Miku
 
 #はつねミク
 
 #黏土人摄影 
 
 #黏土娃 
 
 #GSC 
 
 #gsc黏土人 
 
 #樱miku 
 
 #桜ミク
 
 #落雨松 
 
 #八德落羽松祕境 @ 八德落羽松秘境",2,1
照片背景根本不在台湾,1,2
"居然已经要有新衣装了吗ww
 
 期待期待~
 
 这次会有什麽特别设计吗？",3,1
什麽鬼天气...热到靠北.... @ 南方澳南天宫,1,4
"应景❤️插这一盆招财进宝迎虎🐯年❤️❤️❤️ @ Hsinchu, Taiwan",3,1
来聊一波？,2,1
"警车引导😆😆😆
 
 我认为一定不会迟到🤭",3,1
继香光光鸡,1,1
希望以后坐在对面一起过白色情人节的人不要再换🌜🌛 @ Tgi Fridays 星期五美式餐厅 信义餐厅,2,1
"夏之夜
 
 随走随拍
 
 今天月亮
 
 圆又大 @ Yilan City",2,1
唉… 好饿,1,2
好累 好不想做任何挣扎🥲,1,3
下学期有望远距？,1,1
就讲在Vtuber圈的观众好了，我喜欢看Holo但也享受彩虹社的内容，但Holo很多爱情绪勒索的观众，彩虹则是不少很爱拿自己的推来跟隔壁社相比较的，希望大家都可以好好的接纳彼此的不同,2,3
刚刚发佈了 1 张相片 @ 新丰红毛港看海堤岸,1,1
"不小心从八点半睡到一点半 😗
 
 滑一下应该没关係吧 🤣🤣🤣",2,2
云林吗？我怎麽没感觉😂,2,2
感觉不错，想报名，可是猫猫太多了。,2,2
早安～！我爱妳！❤️❤️❤️,4,1
"不必出国即可见
 
 世界顶级的美景:
 
 观音山的暮色
 
 从淡水河岸逺眺
 
 
 
 乘坐淡水缐捷运终奌站即达
 
 赶时间的朋友 在月台即可见
 
 可搭原班车返回台北市区",3,1
刚主编讨论之后决定删掉，没有要妥协的意思。当下觉得主编很霸气有种爽感，但是情绪过了之后又突然觉得很委屈🤧到底为什麽需要编辑去把关这些专业知识，作者不应该替自己写的东西负责吗？然后每次沟通都不在频道上，觉得我们在刁难他😀,2,4
好气好气😂😂😂,2,3
保重身体、早日康复,2,1
这是什麽意思🤔🤔,1,1
怎麽这麽壮,1,1
啊你先有女朋友再说啦，讲那麽远🤔,1,2
那话儿🤣,2,1
"🎵基隆X黄小玫Sandy. H的(clock)《24小时基隆》完整版来囉(cinema)
 
 
 
 (two hearts)今天是西洋情人节，Happy Valentine！按「歌」索骥(eighthnote)，教你现学现卖24小时不断电基隆玩透透！(lightbulb)
 
 
 
 (wave)",3,1
其实还好🫣,2,1
哈哈哈哈哈这太厉害了好可爱,4,1
"那天分开后
 
 什麽都一样却也什麽都不一样了",1,2
"ㄎㄎ
 
 我就是不喜欢输钱
 
 还不如拿去买东西
 
 我还看得到
 
 明天去开工可以领一包红包
 
 现在每年只剩这包了",1,2
还好啦嘿嘿🤭,3,1
有口福的夜猫子们,2,1
使用,1,1
欢迎贱畜来高雄讨皮痛！,1,4
哈哈讚阿,3,1
怎麽哭成这样QQ,1,3
笑死 今天TA课会不会开天窗 没人来呢^_^ 不知道,3,2
他一定是火鸡,1,1
现约吗？,1,1
刚刚发佈了 1 张相片 @ 御品川麻辣串串锅,1,1
难怪我做不了服务业(´▽｀),2,2
来吧！我在年轻30,2,1
真好馁,2,1
準备考试吗？,1,1
槟榔柯不是通敌就是变卖个资给无良厂家！,1,3
我要 拜託,1,1
跟风一下！ @ 东湖,2,1
"原来喔！
 
 中共当局是永远的受虐儿童，
 
 唉！",1,3
对喔,2,1
可以认识聊天吗？,2,1
你才雾知样狼😡,1,3
来🤔,1,1
不会啊,1,1
现在的公会堂旁边巷子,1,1
什麽口罩,1,1
好色喔,2,1
听到peat说话时我就笑了😆,3,1
不然接吻要抓肉棒吗？,1,1
"2021最后一天去做筛检，出现一条线，为2021划下完美的句点！
 
 2022也要一样唷！",3,1
"笑死
 
 有够废
 
 Letterle 10/26
 
 ⬜
 
 ⬜
 
 ⬜
 
 ⬜
 
 ⬜
 
 ⬜
 
 ⬜
 
 ⬜
 
 ⬜
 
 🟩",2,2
是看豪豪的屌照吗？,1,1
阿宏生活日常：带妈妈回诊检查事项（可惜过号需要再等，前面有6位😩😩😩）。,1,3
看第一眼就想上妳，我不就成了野兽，只有兽类才会这样......我第一眼是欣赏，第二眼是意淫，第三眼才会有想上的感觉......,2,1
买了一个新的GaN 变压器当备用，现在这种东西已经很普遍了，非 GaN 已经几乎没有竞争力了 @ 光滑商场,1,1
喜欢这个腿,2,1
讚👍,3,1
刚刚发佈了 1 张相片 @ Le Temps 食光1998,1,1
云林有人要一起飞吗？,1,1
你好！ 想认识,2,1
没有了 只有这样 😅,1,2
没错😆,2,1
樱桃帮的站出来,1,1
不会啦,1,1
这麽刺激～哈哈哈～越想越有味道…..,3,1
"明后天休假
 
 谁都不能剥夺我的睡觉时间",2,2
谁出怪招！我就弄谁！不信试试！,1,2
这身材真的让人羡慕怎麽练的呀,2,1
哪里有好吃的鱼汤吗？,1,1
"没注意到就贴到了
 
 笑死",2,1
生日快乐,2,1
～～努力💪 @ 厚昌真空科技有限公司 比撒列科技兴业有限公司,2,1
可以体会,2,1
会都想,1,1
仅仅捏那边就可以让你变硬？噗,2,1
"真神奇,电梯的位置可以从门口横移成纵向,这客户的要求也能达成?",2,1
"倒数17天 @ Taipei, Taiwan",1,1
"照片不自觉调成水蜜桃色⋯我想是01馨太甜的关係吧🥰🥰 HeavyRotation 闪亮的幸运 
 
 #AKB48 #AKB48TeamTP #UnitSakura #れいち #林于馨 #ツインテール #双马尾 @ 国立新竹高级中学",3,1
对呀 这件是黑猫褌，应该也算是某种丁字裤吧,1,1
这个长度很好,2,1
"养宠物不容易，来这裏可以撸撸猫，就很疗癒🥰
 
 #布偶猫 #猫 #냥스타그램 #캣스타그램 #고양이 #고양이그램 #猫写真 #instalove #cat #cats #catstagram #catlife #instacat #catoftheday #catlover @ Bica bica 享猫",3,1
"阿福快打开放第一天
 
 
 
 为什麽队友连大都不会放🥲",1,3
直接硬了欸😆,3,1
开痿威也壳以吧🥺,2,1
摩起来,1,1
嘿对ww（？？？,2,1
"☻
 
 新年快乐🎉
 
 放了一个年假都不想上班了😅😅
 
 好想出去玩😆
 
 
 
 2022年 #顽张る @ 星月天空景观餐厅",3,2
我也满好奇的（想被肛,2,1
"猛一点。
 
 
 
 大力幹嘛",2,1
"不是排斥单男 ，我们也会跟单男玩
 
 但是在应徵前连自介都不看的文盲接下来我们一律封锁
 
 #单男付房费 #情侣联谊 #单男 #同房交换",1,2
嗯！但也是一直哭穷才会造成扁案第一时间支持者的错愕.民进党一点也不穷不是吗！,1,3
对不起,1,2
刚刚发佈了 1 张相片 @ 烧肉中山,1,1
"台湾的遊戏欸🤔虽然遊戏模式我觉得普通
 
 但画风好好看喔www而且官网不知道为什麽有看到特殊传说😂
 
 
 
 翻转X消除X打COMBO！有病制作首款营运遊戏！",3,2
没有你如果我,1,1
早安🍎生日快乐🎉,3,1
好看耶！,3,1
快来看看Frances Chu的影片！#TikTok,2,1
屌的艺术拼图（密码公开,1,1
这个讚,2,1
"好天气，好朋友，好心情！
 
 When everything is good, nothing can be bad! @ 国立台湾美术馆",3,1
"调酒两杯
 
 威士忌（不知怎麽算量总之八个人喝1.5瓶）
 
 环遊世界加厚版 200ml
 
 有晕没醉没吐，可以蹬10公分高跟鞋走600公尺回饭店，睡前还卸妆洗脸擦了保养品，今天早上八点自动醒来步履蹒跚但可以下楼吃早餐👍🏻
 
 
 
 酵素富翁是我！",3,1
"三重 肉便器
 
 
 
 又开始给轮幹
 
 
 
 #欠幹
 
 
 
 #新北市
 
 
 
 #三重",1,2
在这里喔,2,1
🍊🍊🍊 #fonxhsinchu (@ 桔满缘 in 宝山乡),1,1
筱琪好厉害🥺,3,1
不错不错,2,1
哈哈没猜中😱😱😱,2,3
陪你聊天,2,1
"昨天才看到花苞 雨夜后全部盛开 @ East District, Tainan City",2,1
煮饭的时候，电子锅的蒸气中漫着一股好香的腊味，肚子超饿。饭煮好后，腊肠先夹起放砧板上备用。米饭的部分已经有一些腊肠的风味和香气渗进去了，接着把朋友送我的鹅油、油葱和 #李记古早味酱油 适量加入米饭搅拌均匀，这时候米饭透着米饭香+腊肠香+鹅油香+油葱香+酱油香.......OMG。,3,1
谁现在有空,1,1
扰民抱歉=w=((毫无悔意,2,2
够你看,1,1
很厉害ㄟ！可以看坏那麽多面板…,2,1
我也蓝瘦,1,2
为什麽一直一直重覆🙄,1,3
参加 峻能科技 尾牙盛宴 @ 金樽广场,1,1
继光香香鸡跟所长茶叶蛋一起吃也算是吃亲子丼了ㄅ,2,1
没事没事 下次有来台中在喝,2,1
认识一下,1,1
可以常常想念但是不用太过悲伤😌,2,2
我帮你脱掉,1,1
生日快乐,2,1
走春看看风景#大年初五走春潮 @ 新都生态公园,2,1
靠ㄅ呀⋯⋯怎麽突然停电…还下着雨！！！,1,4
来自电影：洛基,1,1
【不适当的黄笑话】挑战含着一口水不可以喷出来,1,1
"不是滤镜开错了…是这杯早安防弹咖啡，从几天前开始加了薑黄粉。
 
 ㄧ种再乱加也不会更怪异的概念。 @ Lingya District, Kaohsiung City",1,2
人生新愿望 蒲烧鳗吃到饱,2,1
"有附近还醒着的朋友吗？
 
 
 
 忙到现在晚安餐都还没吃
 
 
 
 雷雷的旅馆
 
 #斗六
 
 #云林
 
 #单女
 
 #各取
 
 #色女
 
 #小母狗
 
 #M女
 
 #学生妹
 
 #OL
 
 #音乐课🎵
 
 #执女
 
 #🍬☕️",1,2
可爱也可坏🫡,2,2
有 #台中 女生无聊中吗？,1,1
"翻译真的不容易...
 
 我应该再检查一次的qq",1,2
玛尔济斯~~~,2,1
没错 天气超好😆😆,3,1
是全语音版，我要哭了😭,1,2
我超无聊✌️,2,2
有地震？我没感觉，公司也没人说,1,1
很兇喔,1,2
我的英文能力也不理想，只能用中文沟通囉⋯⋯妳好棒👍👍👍⋯⋯,3,2
"有人把我认成很可爱的一个推主
 
 我看完想说幹 他也太可爱
 
 我怎麽可能是他🥲
 
 唉 抱自己好了",3,3
生日快乐🎊,3,1
"一个月1万块（日常伙食+交通费+日常生活用品+医疗费）被你说成1个月花4万？
 
 把所有消费传给你了还要抱怨？
 
 所以到底怎麽做才能让你乖乖闭嘴呢？
 
 下面留言帮我想个办法，小的我已经想不到还有什麽方法😭",1,4
心里冷颤了一下 哎唷！,1,2
"呃～
 
 无语是支语，
 
 一般都讲无言…😅",1,3
"世界上敌友不分
 
  敌人变成战友
 
  多半是为了生存
 
  战友变成敌人
 
  多半是为了金钱",1,2
座舱仪表板罩上色与安装 @ 巿府凤山行政中心,1,1
欢迎加入我的音讯空间！,2,1
"Wow, it seems that the balcony inside the dorm is an extravagant thing to students of other universities in Taiwan ~
 
 
 
 Already missed you, National Dong Hwa University ❤️
 
 
 
 原来…阳臺…这麽奢侈吗XDD
 
 还没离开东华
 
 就已经在想念东华惹~
 
 怎摸办啦~",3,2
段考鼻要过来啦,1,1
NFT出来以后，先跨链。这样才有更多用户使用应用。不要着急，罗马一天是无法建成的,2,1
帅翻,3,1
私讯一下嘛😭,2,2
这个雨是用倒的喔,1,1
"金泰亨要跟谁交往 要喜欢谁都是他自己的私事…就算今天真的在交往那又怎样？至少他们过得幸福啊。为什麽我会看到有人在检讨Jennie说他很花心 前任GD现在变成泰亨。为什麽被检讨的人是Jennie又或者是泰亨？不是应该要Focus在那个骇客吗？他骇入Jennie的手机然后大肆宣传手机内的私人照片
 
 +",1,3
进来陪我聊天❤️,2,1
快看！我解锁了小红帽,2,1
不舒服到在梦里面觉得自己发烧但是还是去买了麦当劳，在柜檯聊天之后就被热醒，起来量了体温竟然39.6度。真希望有人照顾摸着头说怎麽那麽烫然后帮我準备东西吃喝。,1,3
我现在是恶魔😈哈哈哈哈哈,3,1
我都用裤头,1,1
"我小时候，印象中好像是因为陆正绑架案（暴露年龄）之后，加上其他孩童绑架案发生，为避免发生危险，学校开始只绣年级跟学号
 
 疑惑为什麽现在还有在绣名字？",1,2
对 日本的,1,1
"现在心理学畅销书不是提倡正向心理学，不然就是拒绝情绪勒索找回自己的主控权⋯⋯⋯
 
 这到底代表什麽？",1,2
民生社区50年无电梯老公寓开价4600万，是日币吗？,1,1
"谢谢你🥰怜怜是我心中的大宝贝
 
 新年快乐~~~",4,1
"忍耐、坚持、爆炸
 
 唉唉唉~~~
 
 这一切的一切都是人跟人之间的问题，越是要好的人越是会将自己的情绪发洩给对方 (• ▽ •;)
 
 事情上的解决会需要一句有价值的道歉
 
 #Reddynamite",2,3
从妳美丽的鸡鸡🐔开始舔😋,3,1
会的,1,1
才不会忘记你呢,2,1
欢迎来到 风的城市 ！,3,1
哇～美鲍,3,1
嗯嗯 补充,1,1
果然怎麽,1,1
家人一起集资买一张2000元刮刮乐，想试试手气，结果刮到0元～真傻眼～🙄,1,3
这地震也太大太持久了吧⋯⋯,1,2
可爱,2,1
我不敢喝 我帮我妈买的😆,2,2
"在公园睡都比我今天晚上睡的好
 
 我居然就是狗😭",1,3
吹乾头髮帮你吹,1,1
情报量过多,1,2
7年前、7年后都一个人看的臭边缘 @ 台北小巨蛋 Taipei Arena Mrt Station,1,2
哈囉有私讯你,2,1
"真会说话🤣
 
 我去年才看过这部，还是你指的是一定要在上映时看才算",2,1
"一切都变得荒谬至极，
 
 现实比电影、小说、漫画都还要荒诞。",1,3
最近好多飞机低空飞行是怎样啦！超可怕的，有种萤火蟲之墓的感觉,1,3
妳有带皮鞭丫,1,1
我认识仙女抠蛇,1,1
明明烧烧退退要说说哦～,2,1
板桥终於放晴了，赶紧来新月桥骑一下 @ 新月桥,2,1
刚刚发DM发到ㄌ帅爸爸🥵🥵🥵,3,1
敲你让你筛选吗？这样颇累耶🤣,2,2
60吋大萤幕的那种,1,1
"在哪里飞？
 
 是否有荣幸陪你飞
 
 178/78/45/1
 
 新北树林区",2,1
喔喔是喔喔,1,1
一公尺 @ 必胜客 Pizza Hut 三重正义店,1,1
影片里的乡音,1,1
台东人谁没睡,1,1
"拼了⋯⋯ @ Taipei, Taiwan",1,1
台东；鹿野神社；天气的大晴、导览先生的热情，还有须眉会继续生长的土地公人偶（塑胶製的）神奇，旁边有颗近百年的慈济树（苦楝树），慈济證严法师曾在此休息而得名，在附近慢走閒逛，旅途中悠閒的时光。 @ 鹿野村神社,3,1
"一年才在夜间开短短几小时花的仙人掌🌵！每年都好期待、但也表示一年又过去了！ @ Kaohsiung, Taiwan",3,1
认真就输了,1,2
之前一篇你跟熊男爱爱的 我也是熊男所以超级有感觉 加上妳是我喜欢的肉肉女 超级爱,4,1
看看松山邱先生，如此坦荡荡。😂,3,1
妹子好正,2,1
要确定是在讲耳语欸😅（我也莫名感到脸红呀🥵）,2,1
气质带点忧鬱,1,1
懒叫超硬,1,1
今天你开口跟我借钱，我还是拒绝了，看到自己爱过的人这麽落魄，不帮忙自己也难过。但如果借了你，只是在害你，我也知道你为什麽缺钱，只是不想说破而已，唉😮‍💨，之前看你生活开销不够，拿了钱给你，后来才知道你拿我的钱去跟人开房间跟嗑药，你真以为喔都不知道🤷，真的拜拜了,1,4
其实不要用力吸就好了XD,2,1
哪里来的小可爱,2,1
期待看到胖胖猫XDD,3,1
才九点就订不到健康餐，笔记仔不要来抢便当啦,1,2
"才第二次
 
 再来再来",1,1
"今天回家开台抽奖
 
 还没参加的可以赶快去dc群公告按表符
 
 图奇传送门",1,1
丝袜好看,2,1
满满的科技感 感觉很厉害,3,1
研究所撞期是要怎麽考⋯= =,1,2
喔，对啊，国外madel走秀，脸不都很臭吗？,1,2
热死了，哪可能,1,3
刚刚发佈了 1 张相片 @ 你回来啦 Okaeri 拉麵,1,1
傻眼,1,2
帮急？👀,1,1
"不得不说 HDR 的处理方式，Windows 11 比起 macOS 12 要好。
 
 
 
 macOS 对於 SDR 显示的内容会全部强制都用 HDR 的方式呈现，但是 Windows 11 可以只针对需要 HDR 的地方使用 HDR，其他部分依旧用 SDR 来呈现。
 
 
 
 Apple 啊…",1,1
我也感觉宝宝是m属性哈哈哈,2,1
"◡̈ ₂₀₂₂ 🄻🄸🄵🄴₃₁₅₋₃₁₆
 
 -
 
 三个愿望呢？
 
 没有白内障就很完美了
 
 隔壁的惊喜比我们的还大
 
 最怕厕所有嗡嗡嗡
 
 半夜合唱也太嗨
 
 喔
 
 不
 
 是我们太早睡
 
 .
 
 .
 
 #怕蟲的爱跟露营人
 
 #不吵架不吵架是露人太虾
 
 #夕阳还是最美
 
 #我的第三露
 
 #梅山顶景观露营区 @ 梅山顶景观露营区",1,3
哈哈哈哈哈，午安喔,3,1
"说真的，我完全不懂首都迁到台中可以平衡区域的理由是什麽。按地理位置，台湾的正中间会在彰化也不会在台中。
 
 再者首都迁到台中，资源也放台中，全台湾的人往台中挤进去，台中房价飙升，两大人口衰退区台东屏东人口持续衰退，跟现在首都在台北的区别是？",1,3
"买热巧
 
 #terra 土然巧克力林口慢闪店 @ 闪电大楼",1,1
我在东区 170/60/15公分,1,1
该给助理奖励一下😂,2,1
今天是个好天气，再去一趟中坜夜市吃粉角,2,1
"我怎麽觉得我还在高中
 
 一群人想要自己决定扫区
 
 怕被分开没人陪你吗",1,2
"❣ 20220717
 
 #珊迪陈ㄟ日常 
 
 #miss陈ㄟ日常 
 
 #ㄐㄧˋㄕㄥㄏㄨㄛˊ 
 
 #sandy #sandychen #ChenChiShan
 
 #台湾 #intaiwan #taiwan
 
 #吃起来 #女子进食中
 
 #我是认真ㄔ的女子 
 
 #进击的女子食客 @ Louisa Coffee 路易莎咖啡桃莺店",2,1
很久没有在北部过年了，结果这一个连假下雨下到好像在居家隔离一样⋯⋯,1,3
"圆满结束，谢谢今天帮忙的朋友和今天来认亲的夥伴😚😚😚以及一样喜欢懒猫的朋友感谢你的 购买😍😍😍下一场我们再相见😁😁😁
 
  #FF39 #开拓动漫祭",4,1
"滴血认亲那一段，小至手指都是戏
 
 臺词也是明刀暗箭的乱飞 很讚",3,1
来吧,1,1
"• 为什麽没有‘Every day’呢？ •
 
 我要哭了😭",1,3
感谢老闆简单请了两轮shot(˶‾᷄ ⁻̫ ‾᷅˵),3,1
有看到什麽吗,1,1
我是其中一只鸟鸟吗,1,1
❤️生日🎂快乐🎉,3,1
"看起来好好吃的样子😃
 
 #WanDayXMile #MilePhakphum",3,1
喜欢,2,1
"下週就是过年前的最后一週了 
 
 也是最忙碌到爆炸的一週
 
 好想要有人来支援",1,3
早安~辛苦了！加油喔！😎,3,1
"以肉会友😜
 
 没啦我交友诚意100分欸",3,1
"真的 说得很好👍
 
 浪费别人时间 
 
 满足自己的人最自私",3,3
"东部第一天
 
 蓝天白云 比…天还要蓝的大海😆 @ 屏鹅公路海岸线",3,1
我也喜欢，都会看到充血,3,1
快去买彩券！😃,3,1
"紧急公告
 
 原定5月10日开团的""刻板印象团体""延后两周，改在6月7日开始哟！还没有报名的精障当事者及家属，请不要再错过哟。线上报名：",2,1
我也是！约不到,1,2
这天气....很保鲜,2,1
蒜头给他用力加下去 @ 金晴川拉麵,1,1
不客气。赠品目前看到最好的是保温瓶，第二应该是Ryan雨伞。,2,1
虽然很突然地跑到淡水后又跑到这边吃饭后再去看个金士曼起源,1,1
刚刚发佈了 1 张相片 @ 心形公路,1,1
羡慕幹不完🥺,3,1
"我也跟聊聊天馁在那里聊妳比较方便呢
 
 方便私讯留连络方式吗",1,1
"小时候怕鬼，
 
 因为它们阴森狰狞。
 
 长大了怕人，
 
 因为他们衣冠楚楚。",1,3
又一位令人脍炙人口的女歌手辞世了～,1,1
KB早日康复！,2,1
谢谢你😊😊,3,1
都来你觉得呢😂,2,1
就是三个人泡⋯⋯茶的概念,1,1
怎麽说呢？,1,1
为我即将到来的音讯空间设定提醒！,1,1
"好久没做木材表面处理啦。
 
 不误正业的感觉真棒👍 @ 草山窑．CaoShan Pottery",3,1
我陪妳呗,2,1
"虽然单身半年多了，
 
 但我很乐意看板上大家放闪🤩",3,1
"是同事请的下午茶
 
 咬下去有点酥酥的
 
 里面很软",2,1
"突然发现好久没发文了
 
 
 
 #life #scenery #taiwan #tainan #人生 #ootd #pfp #funny @ 水晶教堂",1,1
帅大叔！,3,1
不一定，还是要看人，好好观察他一阵子看他的喜好在哪吧,1,1
这种抗议像做秀！有用才有鬼喔～,1,3
虽然只有250，但是13倍蛮爽的,2,1
对阿 很妙吧😂,3,1
还有慈济呢,1,1
"I'm at 板桥秀泰影城 Showtime Cinema in 板桥区, 新北巿",1,1
我下辈子也要当猫,1,1
好大啊😂,3,1
好 来下载等排队入会,1,1
婚姻有待商确，姑且先放进去,1,2
"新case来了✨
 
 可以工作就充满感恩的心💗",3,1
对於ust的未来 您怎麽看？,1,1
欢淫加入幹穴,3,1
妳快变成药罐子咧🥲,1,3
都可以吗,1,1
这是两个小时的量⋯11个人从早上六点半喝到隔天的四点,1,1
"在139县道远眺玉山
 
 #cycling #cyclinglife #yushan #139县道 #taiwan @ 139县道",1,1
这下子，美国和他的西方附庸及臺湾的民进党蔡英文大失所望，心惊胆颤準备逃了,1,3
小瓶没什麽感觉…,1,1
可爱的男孩🥰🥰💋💋🍭🍭,4,1
"辞立委，好意思说拖六天😡
 
 人家七月、八月都辞职完毕了！
 
 #不要脸",1,4
什麽年代了还少年队😂😂😂,2,2
"八方云集到底是在煮水饺还是在煮客人
 
 热死了",1,3
走，钓鱼😏,2,1
到底为啥可以这麽冷,1,2
这线条厉害了,2,1
"恭喜我的小🐺宝贝
 
 #祝ルイチー日本デビュー
 
 #SURUIQI_JAPANDEBUT",3,1
祝你早日康复,2,1
总是学不会…再聪明一点🥲,1,3
"Britney vibezzzz 🧚🏼‍♀️🦄🦋💞💅🏽🌸💐💝🎀 #lovejeans #y2kprincess 
 
 look e beauty por mim
 
 inspo em Y2k顶级车用蜡",2,1
有时候我也会突然好想吃汉堡王0.0,2,1
因为是石英錶，所以也大整理了2次，才可以戴这麽久。买一个戴近三十年，还是觉得很好看很喜欢，贵一点，是值得的。,2,1
来下来试试大叔的手感😁😁😁,3,1
让海风轻轻吹过你ㄉ脸～～～～,3,1
变态,1,2
真的是吓坏,1,2
没事,1,1
没有付订金之类的吗🧐,1,1
可惜刚刚洗好了,1,2
"昨天半夜喉咙痛，想说偶没到处跑，怎麽会这样？
 
 结果是我爸前几天感冒，传染给偶🤣",2,2
"草山驾车云雾中，
 
 小镇随意觅食堂，
 
 自在满足。
 
 
 
 PS. 文化后山远眺的照片，天空颜色层次是经去雾强化过，非原始图档。😄 @ Brick Yard 33 1/3 -BY33 美军俱乐部",3,1
你也喜欢汉堡排肉吗？,1,1
已传给妳了,1,1
做给我的玩具🤣条码是发票载具,2,1
我睡过头啦！,1,2
你去年说过一样的话😂,2,2
喜欢你们的ㄞ幸福,2,1
美国应该多报导生物学这方面有意义的真实世界情况事件，而非老是报导一些对美国有利的假新闻和不实新闻，各种未经證实真实的自我解读判定别人有罪的报导，长期放任全球媒体这样对美国有利的不实报导，究竟对美国有什麽好处？让大家好好去思考这个问题.,1,3
巧遇台铁鸣日号 @ 台湾高铁台北站 THSR Taipei Station,1,1
会平安顺利,2,1
"◆ 赛事官网
 
 此次赛事由三方联合举办 
 
 #大甲镇澜宫 
 
 #芬格国际股份有限公司 
 
 #锴睿行销有限公司
 
 《 5/4 ~7/15 菁英鬥阵盃 👑 开放报名 》
 
 👉 赛事官网： 
 
 
 
 👉 报名表单： 
 
 
 
 👉 战鼓指定曲：",1,1
"回名古屋过新年了
 
 好好享受假期吧☺️
 
 #赤楚卫二",3,1
中国对我而言是小时候的名词他代表，一个广大的古老且具有智慧文化的国度，台湾在清光绪年间独立於福建省，而独自设省，后续就是甲午战败的日本殖民统治，公元1945年会归中国，台湾有一段时间的空白，为期很短。之后国共内战，蒋介石战败，退守台湾，成了中华民国最后领地，这是中国内政问题。,2,1
刚刚发佈了 1 张相片 @ 小巷茉莉 MôLi Café,1,1
"这个对战卡司如果实现
 
 我称作
 
 THE WORLD",1,1
"This is heartwarming.
 
 从高雄到基辅8000公里～",2,1
刚刚发了照片 @ 福建省厦门市思明区曾厝垵,1,1
龟刚欸,1,1
我没那个资格.°(ಗдಗ。)°.,1,3
谢谢啦😳😳,2,1
那你有随地倒下吗,1,1
郭君超帅,3,1
分享快乐酱子,2,1
喜欢,2,1
好白的皮肤喔,2,1
没有跳槽这回事😂,2,2
交友吗？,1,1
对啊,2,1
我会给你的😂😂😂,3,1
"不4你的错觉
 
 上面有比尔康还满的蓝莓汁",2,1
好唷,2,1
要去哪,1,1
好想睡觉,1,2
是吗,1,1
还没拿去兑换不知道馁,1,1
"帮忙分享～转推～～😝😝
 
 欢迎有兴趣的妹子都可以跟这位弟弟交流交流 聊聊天也好🙏🙏🥺🥺",3,1
"笑死🤣🤣靠北
 
 这种人超靠北直接问约",3,2
可以踩我ㄇ,1,1
来不及了，都刮完了😂😂😂,2,2
"下班了
 
 新竹约
 
 脸照我给赖约",1,1
"澎湖热啊
 
 #day2
 
 #大自然
 
 #池西岩瀑九孔瀑布 
 
 #通樑古榕🌳 
 
 #澎湖跨海大桥 
 
 #上了小学都不给亲 @ 澎湖西屿",1,1
"看了真的好难过…….😔
 
 安倍是一个多麽受到人民爱戴的政治家
 
 希望他在天之灵能够眷顾日本的人民",2,3
差点忘记还有推特这程式🤣,2,1
"AAB第三剂完成
 
 希望疫情赶快缓下来ㄚ @ 板桥英士路卫生所",2,1
好聪明,2,1
可以直接帮我洗吗🤣🤣🤣,2,1
"2022年第一登～
 
 泥泞路始终如一….😱😱😱
 
 没有比较没有伤害….
 
 用爬的也要爬上去之我该换登山鞋了
 
 🙄🙄🙄🙄
 
 
 
 #taiwanlife 
 
 #covid_19 
 
 #hiking 
 
 #山上人家 @ 鹅公髻山",1,3
浊水帐先给我 再告诉你（×）,1,1
扩列扩列,1,1
"约ㄆ真的好难_(-ω-`_)⌒)_
 
 晚点逛网拍买假GG好ㄌ～",2,2
哈哈你也常这样做吗,2,1
"不用特地告诉我妳有男朋友了
 
 我已经放生妳了",1,2
"OMG, ProMotion 用起来真的是让人心旷神怡☺️",3,1
最近好心累 各种,1,3
还好吗,2,1
我们在排队,1,1
"幹我真的以为是马铃薯ㄟ
 
 芒果长那样是营养不良ㄅ",1,2
要强硬一点喔，他们是变态，也请携带防狼喷雾，不然可能哪天遇到危险（对方也有可能携带武器,1,3
吃皇粮过太爽,3,1
我觉得是有魅力感觉,2,1
全部给我起床喔😠,1,2
李宰昊在三小,1,2
先搞定淑兰牛舌团再挑战日本啦,1,1
你这不是来了吗ಥ_ಥ,1,2
今天来行路工作没在厕所自拍路过到此一遊🫰🏻,2,1
"依据香港统计处资料，自1997年底至2021年底，持「单程證」移民到香港人士约112.1万人，现在的香港社会的组成很複杂。
 
 对我而言，香港人就是中囯人，希望DPP政府认清事实、早日废止「港澳条例」。",1,2
"今天带玩具路过成大的活动绑了两个人好开心~~
 
 阿是说想被我绑或看我绑的北部朋友(皮带或绳子皆可)可以把1/25(二)这天晚上(9点到半夜)先留给我吗？要幹嘛先卖个关子总之先留给我(⁎⁍̴̛ᴗ⁍̴̛⁎)",3,1
原来是初配信完就不想开台的伊格,1,2
不说ㄌ 泪两行,1,2
哪有～～感觉你跟宏大都很强，跟你们爬，怕拖你们后退🤣🤣🤣,3,2
"JWAW官方在LINE官方帐号登场囉！
 
 我们将会提供许多好康资讯给大家，
 
 
 
 请利用下方连结，将我们的帐号加入好友来接收优惠资讯：",2,1
怎麽了,1,1
"受不了⋯⋯⋯
 
 情绪不稳定⋯⋯
 
 无法工作⋯⋯⋯⋯
 
 这几天是我被委屈⋯⋯
 
 接下来我会考虑递离职⋯⋯
 
 该让的人事物都让了
 
 
 
 😫😫😫😮‍💨😮‍💨😮‍💨😣😣😣🤢🤢🤢🤮🤮🤮⋯⋯",1,5
在幹嘛！,1,1
"重感情的人往往都是承受最大伤害 却又不会轻易跟对方说出口 
 
 看着对方开心快乐 自己只会把一切痛苦跟冤屈背在身上默默的离去 也不愿意让对方知道这一切
 
 就算对方知道了 也很难感受到受伤的人心中之苦
 
 心受伤的人 也只想将这遗憾带走不留下痕迹 因为心真的已经很累了",1,4
"身为淡水人
 
 想问淡水有什麽展可以怀旧
 
 😂",2,1
他的书都很讚，我自己就有收藏几本，我虐心最喜欢的是《我讨厌我自己》。,3,1
呜呜呜都欺负我,1,3
总觉得总统也是人，也是国民之一，应该对此发表看法，毕竟此事有辱国格，我很难过，不知道有没有单位可以惩处这件事情！这样的事情不应该放任发展,1,3
升级不加价就不叫 Sony 了。,1,2
"等一个机会。。
 
 
 
 #澎湖 #吉贝岛 #iphone8plus #photography #penghuphotography #双鱼座 @ 澎湖吉贝岛",1,1
好美啊❤️❤️❤️,3,1
爱妳,2,1
我也要一杯 谢谢,2,1
旱溪？台中吗？,1,1
这个时间竟还有，收~🥰,2,1
"好强大
 
 这样会坏掉吧？！
 
 （吞口水……）",3,1
有可能喔,1,1
喜欢被幹坏喔,2,1
"花莲有没有小姐姐要约啊❤️
 
 #花莲约炮 #现约 #私讯",3,1
这跟本就是豪宅了,1,1
好喜欢小时候玩的怪兽之王2里的主角恐龙super geon，那时很迷怪兽当正派整救世界的剧情，希望总有一天可以将这只恐龙的品种兽设化,3,1
有机会😀,2,1
是谁看bl看到好棒四点了🤡,3,1
堆，缺点是荷包会大失血,1,2
"#收工
 
 #下雨中
 
 #店门外很凉，来杯有感觉的 @ 武武氏咖啡WuwuS Coffee",1,1
听说whisky 套咖逼是趋势 @ 独咖啡（新莊店）,1,1
哥哥好厉害⋯,3,1
人生是不断的选择，枷锁是自己套上的。命运是可以改变的，改变个性就能改变命运。但是改变个性太难了。😒😒😒果然金牛座多愁善改👌👌👌,1,3
原来要数字,1,1
多拍点与小妹妹的影片哈哈哈😆,3,1
露点抢先看,1,1
今天减到剩三个了喔（啾咪）,2,1
没特典又贵速度还慢，Amazon大胜,2,2
"在练习拍摄中🥰🥰
 
 感谢亲友让我拍照❤️❤️",3,1
洗播_洗澡_欢迎各位帅哥进来看哟,2,1
没事啦至少他有清洁,2,1
台湾+1,1,1
相信很多人想踩你,1,2
"好久没在这说说话了
 
 只是
 
 最近过得不是很想记录下来
 
 人生不就是这样吗
 
 稍纵即逝
 
 却又沉浸在每日的日常苦恼中",1,3
好吃的韩式料理还有草莓牛奶#臺湾#taiwan#台湾#景点#台南 #travel #art#artis#gallery#culture#image#photographer#instant#landscape#humanities#instagood#me#tbt#follow#photooftheday#followme#tagsforlikes#weekend #vacation #photo #stories @ 台南东区 东区,2,1
两样都看到了！感恩,2,1
果然老湿机,2,1
好帅哦!!! 龙马,3,1
感冒级？那西安是在封城封杀洨？,1,3
帮助盟邦是我台湾国的道义。,2,1
既然我要参选臺北市长。讥讽、嘲笑、怒骂。我都一一解决。不然。当选。也是一个市政白痴。,1,3
"以为饿晕了….
 
 摇好久",1,2
祝早日康复啊,2,1
幹整晚🤤,2,1
《时代革命》台湾官方预告片【2.25全台上映】,1,1
吃过了再吃午餐了,1,1
"不是
 
 是鲨鱼在台湾爆红之后出现的仿製品
 
 当初是在夜市买到的",1,1
但我自己还蛮喜欢的 😁,3,1
😘芮妮最优，赶快来按爱心及转推，大推支持！😍,3,1
喜欢😘,3,1
"用蛋来象徵生命的复活。
 
 西欧人士相信蛋有两次生命，
 
 第一次是由母鸡产下，代表「新生」，第二次则是破壳而出，代表「重生」，重生也就象徵了复活。
 
 #复活节彩蛋 @ 台中市西屯区",2,1
真的不能随便就走进酒专，只是吃饱散步随性晃晃，怎麽出来手上就提两瓶威士忌。,1,2
有时候挺羡慕男生 随便穿都好看🫤,2,1
"我以为你今天不会开耶🤣🤣
 
 （正在补天元的我）",2,1
好爱宏翔😍 每次都会喷给他一大堆,3,1
该回高雄了啦～～,2,1
志明跟春娇常常不在家喔,1,1
"昨天有去吃
 
 大推烤蛤蜊烤蚵仔200一盘
 
 超鲜",2,1
身体很好喔容易勃起XD,3,1
没错，水瓶的确会如此,1,1
"SOLD
 
 本来还很犹豫
 
 有葛叶代表一定是canon吧？
 
 I'm in.",1,1
好。我在好市多看看有没有卖,1,1
我的火鸡大餐 @ 中坜中原夜市商圈,2,1
骑啊怎麽不骑,1,1
唉，我什麽时候才可以面面俱到不再两光？自己逼自己～～不要再两光～,1,2
抽号码牌中,1,1
《勇者鬥恶龙 怪物仙境 Dragon Quest Monsters Super Light》新手指南,1,1
请问妳这个动漫照是什麽的APP呢,1,1
发一篇废文，鹿宝有空的时候看到就知道我在想他了😌,2,1
文山区是最棒的区～✌️💗,4,1
这种的材质好吗？,1,1
会唷^^,2,1
"The best EVER. 
 
 
 
 #ASMeiR @ 台北小巨蛋 Taipei Arena Mrt Station",3,1
"心目中有一位女强人
 
 她就是我喜欢的人
 
 工作认真⋯不逃避责任
 
 一样金牛
 
 最近上早班我真的无法认真 眼里的视线都在她身上⋯🤗",4,1
似乎好像有固定的炮友,1,1
刚刚发佈了 1 张相片 @ Balcony 阳台 Café,1,1
"我最近一直想
 
 当初为什麽一直拒绝他
 
 因为我不想结婚
 
 因为我一直想要一个人到老
 
 还是害怕未知数
 
 但我现在确定的是
 
 幸好 我答应他了
 
 虽然跟一只大奶狗一样一直到哪都跟着我
 
 但老实说我也喜欢和他腻在一起😘😘
 
 说他是黏人精 其实我也超黏他",4,2
啊你不会点连结？动脑了吗？,1,3
"6.0 雷
 
 
 
 回归星海的古代人们
 
 丢脸死、气死跟笑死
 
 我说希局你会不会笑太大声🤣🤣🤣🤣🤣",2,3
可以认识吗,1,1
"10/20（四）
 
 晚上大概19：30
 
 徵求一对❤️
 
 在台北市唷(⁎⁍̴̛ᴗ⁍̴̛⁎)
 
 
 
 #同房换不换 #内建两男两女
 
 #有个女生超辣 #兴奋期待邀约",3,1
"#苹果嬷与苹果
 
 2016年 上飞机前的MaMa餐
 
 2018年 下飞机后的MaMa餐
 
 2022年 在疫情中的MaMa餐
 
 
 
 #岁月静好 #岁月不饶人 #岁月催人老 #岁月是把杀猪刀 @ 泰味馆泰式料理-桃园店吃到饱",1,1
"工作中无法观看😭😭😭😭
 
 有空朋友可以过去看看喔",2,3
这支电棒太细了 虽然前端会动 换一只粗点的比较爽,1,1
"一百次的约炮 只会有一次成功！
 
 是我废还是我技术不好？",1,2
我们都是人类。都有渴望。只要不是骗。好好的对待。好好的尊重。,2,1
华人双标图鑑,1,2
齁呦 我在想着经营日酒齁⋯⋯,1,1
刚刚发佈了 1 张相片 @ ioklinframeworks,1,1
刚刚发佈了 1 张相片 @ ioklinframeworks,1,1
讚啦！ @ 兰城晶英酒店 Silks Place Yilan,3,1
真的坏掉了,1,2
"十月城东🍂
 
 #东门
 
 #台北府城东门
 
 #台北府城
 
 #中正记念堂
 
 #散歩台北
 
 #zhongzhengdistrict 场所: 台北市中正区",1,1
"#赤兔马 #牡丹 #蟹 不是后里蟹
 
 半身接手臂设计
 
 欢迎预约讨论！
 
 
 
 #horse #peony #crab #japanesestyle #tattoo #shotgunink @ Shotgun INK Tattoo Shop",2,1
工作送宵夜中转个推,1,1
小狗头吗👻,2,1
刚刚发佈了 1 张相片 @ 内湖剪刀石(金面山),1,1
"帮小时候的玄渊拍拍
 
 哭着在等门好心酸",1,2
「女版贾伯斯」遭陪审团裁定诈欺 「恶血」戳破矽谷新创医疗骗局[影] | 国际 | 重点新闻 | 中央社 CNA:,1,2
汪汪😛,2,1
美嘉.女神👸🏻我要品嚐妳的鸡鸡🐔😋,3,1
"欢迎私讯聊聊
 
 想认识台东女孩，刚来到这边工作，不打扰彼此生活，找稳定的伴
 
 动口动手，想谈恋爱请路过
 
 闭上眼睛陶醉在20分钟的舒服之中
 
 男性及第三性勿扰
 
 #台东 #台东市 #约砲 #约跑 #肉棒 #固砲 #射精 #按摩 #情慾舒压",2,1
从2015年看《问题餐厅》看到可爱的松冈小姐至今，现在不只外貌，她给人的整体氛围越来越成熟，感到小小欣慰（突然爸爸视角,2,1
阿嬷确诊康复调皮孙女恶整 餵「泡麵鸡汤」直呼好喝超Q！｜VS MEDIAｘ,2,1
对呀,1,1
"我要跟猫猫约
 
 现在出花",2,1
早日康复🫠,2,1
"很羡慕能够买到戏飞的幸运儿可以到电影院观看我们期待已久的电影《阿妈有咗第二个》💕
 
 
 
 #彭秀慧
 
 #毛舜筠
 
 #柳应廷
 
 #姜涛 #KeungTo",3,1
火锅店现在都关了啦😂😂😂,2,2
我同学双主修又辅系 简直神人🤯,3,1
"割包皮，只要发炎一次就会一直发炎了，我是包皮过长。
 
 两三年前有一次天气炎热工作时癢癢抠一下不小心抠到破皮就每年复发了==
 
 乾脆割一割。",1,2
"刚刚发佈了 1 张相片 @ Taichung, Taiwan",1,1
妈妈我不行了_(´ཀ`」 ∠)_,1,3
佐为，你怎麽剪头髮了,1,1
刚刚发佈了 1 张相片 @ 彰化南瑶宫,1,1
谢啦,2,1
最近总是做梦...还是连环梦，甚至梦到了国中时的实习老师...这位老师很温柔欸，和日本漫画里的姊系角色很相似。,2,1
我的心理年龄是41岁，快来看看你是多少？,1,1
喜欢^^,3,1
"玩到隔天整个铁脚
 
 上下楼梯有够残废🤣🤣🤣 @ 六度空间雷射室内射击会馆",2,2
阿巴阿吧,1,1
后来我帮你绑,1,1
万恶资本主义啊,1,2
这是哪里呀,1,1
这位是全程勃起代表，超强,3,1
谢谢立夫老师的邀请，今日在寒冷的天气中上山论建 @ 文化大学大孝馆体育馆,2,1
我在新营,1,1
怎麽办我一生还没看完一本小说，但是人生如何把它写成一本小说呢,1,2
算是有记忆点的店&gt;&lt;,2,1
可能快没了😂,2,1
"Queen 释出 2008年在乌克兰演唱会的影片，为乌克兰募款。
 
 
 
 #queen #FreddieMercury
 
 #PrayForUkraine
 
 #和平 #乌克兰加油 #loveofmylife
 
 #wewillrockyou #brianmay #paulrogers #peace",2,1
刚刚发佈了 1 张相片 @ 301 Boulevard,1,1
"瞌睡鲸鱼 - 歌词只是在凑字数（feat. 宝岛少年兄
 
 #宝岛少年兄 #WTF #瞌睡鲸鱼",2,1
"我也单身很高兴认识你
 
 谢谢
 
 晚上好",3,1
如果我的错误是这样就好( ‘-ωก̀ ),2,2
太惨烈⋯,1,3
过年的红包要贡献出来了,2,1
"好快OAO?!
 
 玩得还开心吗？",2,1
腿怎麽这麽亮,1,1
"但是只是女装逛街也没有说喜欢人家呀🤣
 
 这样到底是恐同还是恐跨呢🤔",2,2
天气好，灯光美🥰,3,1
给我乖乖睡觉,2,1
年纪大了🙄打Rb手速2.4失败率变高 @ 台北车站Y区地下街,1,3
我也想再去吃集客😋,2,1
3000型什麽都好，就是椅子真的颇硬...,2,2
是不是想念那个疯狂的小玩具了🤪,2,1
你躺一天 我把你幹一天让我跟你一起高潮,1,1
给认识吗,1,1
不知道他最后会为了守护谁而出剑😋,2,1
"第一次来台东旅遊就遇到新断层的地震
 
 发生当下觉得路怎麽那麽难走才意识到是地震
 
 环视周遭只有整片玻璃帷幕的大楼也不能当掩蔽物
 
 只好努力往前走寻找空地
 
 后来拿手机看才知道我在震央附近
 
 
 
 希望这次的性质不是前震，不然真的有点太大了",1,2
好可爱ㄛ⋯⋯,3,1
有呦，我官网有开放订製艺术微喷版的 💛,2,1
每回的卡顿，有点小不服气。,1,2
可以买个情侣款😄,2,1
我的花心指数是：57。快来看看你的花心指数吧！,2,1
有哥哥约吗？赖mlqa,2,1
“在台湾问题上，中国政府高官从来没有提出“武统”或给出时间表，而美方不断有人这样鼓吹，这是试图把两国拉入战火。”,1,2
刚刚发佈了 1 张相片 @ 05 跑道头,1,1
公司三位小姐霸占着不走😂小姐年终跟分红这次过年领了快30万..😌,3,2
好萌的感觉,2,1
"我对我的朋友很抱歉😭😭😭😭
 
 请记得不要点连结😭😭😭",1,4
没办法，成本很高很伤欸,1,3
偷偷教你秘招！包交通+门票+海景下午茶！最强基隆玩法！｜基隆景点,2,1
"好好喝，儿子泡大碗公
 
 味道刚刚好👍浓郁😋",4,1
感觉好认,1,1
真的有够讨厌运动，真的是为了个奇妙的目标拼了全力(死,1,3
当然 没过,1,1
小爱是个称职的母狗😈,2,1
"偶议偶议.....（救护车经过（x
 
 (躺....",1,1
"我的社交负面人格测试结果是 偏执: 57, 算计: 53, 支配: 49, 冷漠: 36, 誇张: 27, 多疑: 8 ，总分 230 。敢不敢来测测你的？",1,1
风格不太一样😆,2,1
来台中吗？来拍张吗？万圣节喔🎃,2,1
感觉会胖🥹,2,2
故意的～～马那时候舔共就来不及了！管你日本谁来。而且马是反日的从钓鱼台就知道了！,1,3
"2022.06.12 - 久违的走走
 
 
 
 疫情打乱了生活
 
 很久没带爸爸妈妈出门
 
 家人开心🥳很重要
 
 家人身体健康更重要‼️
 
 一路上吵吵闹闹～
 
 一路上吃吃喝喝～
 
 辛苦💦我们家妹夫囉！ @ 南投县车程站",3,1
"不知道跟大禹有无关係
 
 搞不好三过家门而不入是因为封城",1,1
整晚睡不着，打漆弹打到刚刚⋯,1,2
"吃肥之旅～🤣🤣🤣
 
 台北俗第一次喝茶的魔手😆😆😆
 
 瑞丰夜市里的日式炒麵不错吃耶！！有惊艳到😍😍😍热热吃应该更讚👍👍👍
 
 东山鸭头觉得有点太甜了😱😱😱
 
 臭豆腐那麽臭味真的很臭🤭🤭🤭好吃😋
 
  
 
 #日式炒麵 
 
 #东山鸭头 
 
 #臭豆腐 
 
 #茶的魔手 @ 瑞丰夜市",4,2
你的说法真的容易让人想入非非,2,1
"突然一场雨带走了热气，天空佈满灰白的云雾，温度下降了许多。无论阳光还是雨，我还是喜欢这世界。
 
 Suddenly the rain washed out the heat. Grey clouds filled the sky and temperature dropped a lot. But no matter sunny or rainy, I still like the world.",3,1
想让妳坐,2,1
"2021.1226.
 
 Part1大小姊姊 @ 新竹市立演艺厅",1,1
美啊！性感,3,1
感觉可以一起不分🥳,2,1
"Tsingtao Beer （青岛啤酒）
 
 注视未来的目光，正等待我们揭晓。
 
 #XiaoZhan 
 
 #เซียวจ้าน
 
  #肖战",2,1
"这不是广告讯息～
 
 一起加入拥抱心情故事的秘密基地，这里可以遇到很多想好好聊天的人
 
 点击下载 Rooit 👉🏻
 
 #故事交友 #匿名聊天 #交友 #聊秘密 #Rooit
 
 
 
 缺代币～～～ 快来註册",2,1
喔，换头像了~,2,1
这样很棒欸,2,1
像那种人可以封锁掉了,1,2
怎麽了,1,1
啊 最近忙到忘记上来看妳了 错过活动😭,1,3
"有住桃园龙潭的瘦或精实的哥弟吗？突然好想被玩和被吹屌，有人想要吃吗？
 
 好想找野外裸露喔拜託🥺拜託🙏",3,1
刚刚发佈了 1 张相片 @ 淡水 Tamsui,1,1
突破困境 漂流木人生再发光 一步一脚印 20171105,2,1
"#週二告解室
 
 我其实年纪比同届的还小
 
 国小的时候就觉得在跟大哥哥大姐姐上课",1,1
"护理师 医师在病房上政治课
 
 支国上下都有病….",1,4
没问题！❤️,3,1
"请大家记得以后装潢要做双层玻璃窗户喔！
 
 看看这房间精美的辐射冷却，室内基本上等同室外温度
 
 好像下礼拜又有一波冷空气是吧...(抖) @ 泉源公园泡脚池",2,2
"真的有够扯欸
 
 我已经超久没嗨到天亮了
 
 结果就刚好今天特别没什麽想睡的感觉",1,1
只有我觉得很涩吗？😂,2,1
"今日，我们终於看见，我们自身所处的银河系中心的黑洞了。
 
 Today we can SEE the black hole of our own galaxy.",1,1
想被榨乾,2,1
未命名的表单,1,1
有些时候，有些事不做也没关係！做了或许不能怎样，但是就是有可能唤醒一些人也让自己清醒一点。 @ 竹北彩虹桥,2,1
又到了出来曬曬太阳的时间了! @ 潮境海洋公园,2,1
有没有苗栗附近的姐姐థ౪థ,2,1
好想被哥幹喔,2,1
"太阳跟云耶
 
 
 
 #sunandclouds 
 
 #landscape 
 
 #taipei 
 
 #taiwan @ 臺北小巨蛋",2,1
会待几天呢QAQ,2,1
刚刚发佈了 1 张相片 @ 花莲瑞港公路德武休憩区,1,1
中肯 XD,2,1
想要被榨乾,2,1
下士副砲长路过 .. 一整年都在演习，打完砲就退伍了哈哈哈,2,1
"笑死，结果新生里新竹帮只有我一个男的
 
 但合照时竹工学长也来了
 
 妈的凑热闹猴
 
 
 
 然后就我一个穿得像日治时期的人
 
 就我读新竹破校
 
 而且还被认成建中的
 
 今天才知道建竹中南雄五中都是卡其
 
 还以为只有建竹雄",2,2
管他那麽多先做再说,1,1
这张很有少年感 #bbrightvc,2,1
怎麽可以这麽帅..,3,1
病房又是剩下我一个了，其他两床都出院了，何时轮到我出院…🥹 @ 臺北巿立联合医院仁爱院区,1,2
"以下BTM优先幹
 
 1.小只马
 
 2.肌肉
 
 3.翘臀
 
 4.无毛",1,1
妳老公换老婆了吗？,1,1
我包，妳养😆,2,1
17度算有点热,1,1
我正在努力，达成目标的话，你愿意给我机会吗？,2,1
一堂课想知道怎麽去哪边报名😜,2,1
接下来卢秘书要开始头痛了,1,2
,1,1
高中生那麽勃起，想吸吗,2,1
看看这些极端份子多惹人厌,1,2
中华科大「李登元图腾艺术展」,1,1
感谢今天 宝贝把我载回家(˶‾᷄ ⁻̫ ‾᷅˵),3,1
滤镜开最大😝,2,1
因为你相聚你所以没有人可以在一起自己都不会检讨一些,1,2
在那里呀！,1,1
喔yeah 内湖高中,2,1
好好爱我一生一世好不好。因为我们谈恋爱了,3,1
"粉丝专页更改连结🔗了了了
 
 新的👉",2,1
"地震！！！
 
 好可怕呀😫
 
 有人可以保护我吗❤
 
 
 
 #地震 #臺湾 #新竹 #新竹市",2,3
有吗😳,2,1
哇，这上帝在南半球耶,2,1
"漫长的等待，山药终於采收了！
 
 先把山药藤架拆掉，再开始挖挖挖，丸老闆的山药好大颗咧！
 
 
 
 #丸豆子一店大丰收
 
 #下个月三店收成（马铃薯🥔）
 
 
 
 #6y #chicken #igkids #子供#littlefarmer #种山药 #都市养鸡
 
  #泰和乌鸡#油罗田#假日农夫 @ 荒野油罗田",3,1
你不用钱🤪,2,1
要抢票啊！,1,1
刚刚发佈了 1 张相片 @ 南港茶叶製造示範场,1,1
为什麽黑暗？,1,1
饿了！先吃饭再出发😂😂😂下一站「麻豆」,2,1
"谢谢你的认證❤️❤️
 
 真的看了很感动🥲🥲🥲",3,1
"Happy New Year 2022
 
 最新最潮Fashion Show
 
 潮唔潮小天睿着比你睇😅
 
 #fashion呢家嘢你识条铁咩 
 
 #潮服这东西你懂个💨 @ New Taipei City",2,2
长得不是我在说 Daddy的週表真的做得好好看💦💅,3,1
这些错误一直持续下去对身体的危害真的很大 我不是要做健身房的教练一定都这样。只是因为我身边就有没身材也不会练的在莴苣做教练 你只要能买课排骨都可能是你的教练 我不是教练只是真的很爱健身所以无聊去考教练證照而已,1,3
走路不会被雷劈，只是会一直在马桶上烙赛而已。,1,2
地震？还是是我在抖脚😅,1,2
听《原神》原声带领原石,1,1
春来梅成果了，谢谢妳喜欢。,2,1
好漂亮喔,2,1
我算吗？哈，快跑~~,2,1
乌合之众，不足掛齿！,1,2
习近平的鹿鼎记完结篇，疾病蚕身体,1,3
在打日文想详细由来的时候发现汉字变成了高砂百合→难道和台湾有关 ！？→查下去还真的是台湾特有种→讚啦 ！,3,1
感谢所有优秀的插画家们，虎年的贺图超high啦,3,1
刚刚发佈了 1 张相片 @ 花瓶岩 Flower Vase Rock,1,1
差点眼以为是吸毒犯,1,2
能画出来你也是鬼了吧老师OAO,2,2
"练背～就是穿 细肩大挖背
 
 可以检视自己动作
 
 细节赶快出来吧～
 
 #重训 #健身教学 #一对一私人教练 
 
 #健身教练 #健美 #增肌减脂 #雕塑身材 @ Taoyuan District, Taoyuan",2,1
看起来很讚（？,2,1
这里好冷，好像还有一点点高山症😥,1,3
"一个政治人物需要的，是清晰的理念、政策执行能力、沟通能力，这些都是书本上学不到的。
 
 
 
 比如说，在日本战后史上赫赫有名的田中角荣前首相，只上到了小学六年级。但他担任国会议员期间，向国会提出了33部法律的草案，至今还是空前绝后的纪录。",3,1
姐夫没有温度,1,2
终於来到高雄了~有人要约约吗 😆😆😆,3,1
但只有北部有这情况也是很奇妙。,2,1
可能喔🤣,2,1
"为啥要参加这种统战活动？
 
 为啥之前说要进口中国疫苗？
 
 为啥说日月潭是中国血脉？
 
 ūi-siáⁿ-mi̍h beh chham-ka thóng-chiàn hoa̍t-tōng?
 
 ūi-siáⁿ-mi̍h chìn-chêng kóng beh chìn-kháu Chi-ná e̍k-biâu?
 
 ūi-siáⁿ-mi̍h kóng ji̍t-goa̍t-thâm sī Chi-ná hoeh-me̍h?
 
 
 
 #台语",1,2
有人要出门吗？,1,1
回顾一下,1,1
没这回事啦😝,2,1
"我的社交负面人格测试结果是 冷漠: 92, 多疑: 86, 偏执: 48, 算计: 45, 支配: 18 ，总分 289 。",1,1
怎麽了,1,1
Ig 都不能密妳🥲🥲,1,2
没事没事问题不大,2,1
总会有这样的境域来临,1,1
看完《春光乍洩》好想去布宜诺斯艾利斯喔。,2,1
阿斯,1,1
我全身都满 肉也是,1,1
好漂亮😭姊姊🫶🏻,4,1
等你深入😝,2,1
喔@蝴蝶🦋的阴唇皮啦太长不美观,1,2
哈哈哈😂你是帅,3,1
我有过一次 可是真的太刺激🤣,3,1
"#便当补打卡
 
 #day14 #270 @ 京都柚子豚骨拉麵研究中心 师大店",1,1
QQ好可爱耶！,3,1
"疯癫‧ 梦境‧ 神曲-天才达利展 (@ 中正纪念堂 in Taipei, TAIPEI)",1,1
"TAIWAN Stunt kite Hsinchu. 技术风筝 年假最后一天 使用 iphone 11 拍摄
 
 
 
 #特技风筝 #风筝 #speedstuntkites #台湾技术风筝",1,1
郭碧雪帐号停用,1,1
要约吗,1,1
妹妹你毛长齐了吗？正在发育还是停止发育？,1,1
3不错喔！,2,1
"现在才知道原来作者从去年就有发推告知了！
 
 当天收到LINE WEBTOON通知时真的是又惊又喜😆很喜欢作者的画风~~而且故事是照着小说原着走，看着漫画又再次进入2gether的世界😍
 
 台湾人看起来~~~💞
 
 
 
 #2getherTheSeries",4,1
"就没约幹嘛问我全身照，很重，要约吗？
 
 
 
 没本事就不要来聊，浪费时间我很忙
 
 
 
 白天上课放学上班回宿舍还要练头髮睡觉，麦来乱",1,3
幹要不是认识你 我肯定封锁😂,2,2
"请多跟我说说幹话
 
 不然我上班很无聊🤣🤣🤣",3,2
这是在哪呢,1,1
就用嘴巴现榨豆浆什麽的最棒了 (咦,3,1
"be happy
 
 
 
 至少生日这天让自己开心一些。
 
 
 
 生日快乐",2,2
笑倒在一起好可爱🥹,3,1
当国外疫情严峻时，谢谢大家守护了防线，让许多家庭不至於像国外一样经济大受打击。,2,2
"很烦
 
 每天都要面对这些",1,3
我要抽奖,1,1
"恭喜加入每天都不想上班行列
 
 有钱钱买买买了",2,1
好的谢谢,2,1
呜呜呜没想到追一追就半年了 时间过的好快🥹,2,2
所以某种层面上，想把生理女变得弱不禁风的生理男，是不是其实知道自己一点也不强健？,1,2
"我的大小情人
 
 情人节快乐
 
 Happy Valentine's day 
 
 #2022情人节
 
 #结婚2週年
 
 #嘉义两天一夜
 
 #睿睿溜滑梯恐慌记 @ 诗情梦幻城堡-超亲子主题旅店",3,1
我觉得可以😂,2,1
#台北ems20 @ 台北国宾大饭店,1,1
台中晚上该去哪里玩？,1,1
直接投诉TOWER xD,2,2
我好想问问町田啓太先生，帅成这种天地宁静、万物和谐是一种什麽样的感觉呢？,4,1
"《未来几个月所需完成及学习事物
 
 希望成为更好的自己》
 
 不要有无意识中创造的情绪勒索
 
 不要太多的猜测
 
 加强同理心.要替别人多想想
 
 不要过於衝动
 
 论文.教授的案子.助教
 
 认识更多的圈内朋友",2,2
越来越好💪🏼💪🏼,3,1
"弹儿们，好好休息。放心去飞、去探索，我们会会在这里等着你们，防弹的家，永远都在！
 
 💜💜💜💜💜💜💜
 
 
 
 #THANKYOUBTS 
 
 #BTSFOREVER 
 
 #ARMYFOREVER",4,1
想知道美女用过心得,2,1
好好準备考试，心情不好就去运动吧,2,1
有没有掺了出去渗透民主社会的细胞，还真的不好说。,1,2
快睡啦,1,1
虽然但是…不知道为什麽…今天…好混乱,1,2
"报名请私讯 
 
 单男记得要附上完整自介与照片唷～
 
 这样优质的下次可以换我吃😋",3,1
早餐想来个香喷喷的饭糰，每天起床的动力，就是好好吃的早餐XD.,3,1
刚刚发佈了 1 张相片 @ 蓝鹊渡假莊园,1,1
雷姆真的超！！！可爱的啦！！(●♡∀♡),4,1
韩团来台开唱，长寿韩团 神话Shinhwa魅力不容小觑!,3,1
"阿部酱💚疫情稳定下来后，Snow Man赶快要来台湾喔🇹🇼☃🇯🇵
 
 #台湾祭
 
 #阿部亮平
 
 #SnowMan
 
 #ZIP",3,1
在家好了😄 @ 新店区,2,1
"「品质会记得的，价格是会被遗忘的。」
 
 来看雷利史考特的《Gucci：豪门谋杀案》
 
 这次让人回想起《金钱世界》的雷导
 
 同样看着雷导说着豪门家庭故事
 
 错综複杂的家庭崩坏败德伦理电影。
 
 （比较喜欢雷导的前作《最后的决鬥》）
 
 #houseofgucci @ 京站威秀影城",2,1
"这两篇关於 #一主多奴 我应该早点放到这来的，满满的都是自己在 #BDSM 这条道路上的心血。
 
 
 
 而进了我们家，就不再是孤单一个人，这是一个以主奴关係为基础，充满爱的家。
 
 
 
 #Ds 关於一主多奴－主人篇 #DS - Dcard
 
 
 
 
 
 #Ds 关於一主多奴－奴宠篇 - Dcard",2,1
喇起来,1,1
已经啦......（自动选字否否欸呜呜呜,1,2
两个字“爽快”,2,1
人没事最重要！,2,1
…好可惜，我在台湾，没办法过去😭,1,3
"台湾 是民主自由的国家
 
 它并不是中国的一部份",2,1
"这两个月自我沉思的萎靡，尚未找到出口方向。一直想着小说里看到的文字：
 
 人活着，就像去遊乐场裏玩。
 
 不管排队多久，玩够了没有，时间到了，就要离开了。
 
 等到了要离开的时候才后悔没有玩够，一切都晚了。",1,3
真烦，一天到晚都在敛销威,1,3
我找了代夹！搞到了！谢谢,3,1
生日快乐🥰🥰🥰,3,1
好狠 第三人称说自己脚扭到,1,2
其实要冷战我也不会输的。,1,2
台独分子不得好死 虽然我很爱我的家乡但是更爱我们的祖国 两岸快点统一吧 孩子想母亲了 母亲也想孩子了 我6月份就有大陆身份證了 加油我的国中国🇨🇳加油,3,4
那个.....等等谁可以陪我,1,1
"危机解除！
 
 
 
 中午组长在办公室杀蚂蚁，我趁机邀请他来帮忙，於是刚刚下班召唤了辅导室四个老师，甚至连主任都出动，终於把壁虎护送出我的车_(:з」∠)_
 
 
 
 成功解救两条生命(｡ì _ í｡)
 
 （我的跟壁虎的",3,1
"但我还没看到哈哈哈哈
 
 所以还是可以觉得这是胸🤤🤤",3,1
哈哈买整套？,2,1
变成Adobe的形状了🥲,2,2
怀孕？,1,1
能把博人传看下去你好强！！！！,3,1
🐯 yr coming @ 信义区商圈,1,1
美喔!,3,1
哎呀呀 ❤️❤️ 好甜💕💕,4,1
呜呜呜呜这是甚麽神仙98 爆炸可爱💥💥,4,1
超性感❤️💞,3,1
想吃棉花糖！,2,1
"妳丢东西叫整理环境 我丢东西叫EQ差…
 
 这是什麽逻辑",1,2
可是我会偷跑到你那间w,2,1
伤害台湾人的眼睛👁️⋯⋯民视,1,2
刚刚发佈了 1 张相片 @ 沛季 TEA SHOP,1,1
我⋯我下次会克制（註：下次是台北人的下次,1,1
雨有点大也,1,1
"阿伯在公车上热唱
 
 救命😑",1,3
她说：不会反对的当在野；不会治国的当政府...,1,2
"不用去担心买不到票
 
 也不用担心这是最后一面
 
 心情其实很轻松😆
 
 祝各位朋友加油啦
 
 我提早下线了",3,1
F U sm 烂公司,1,4
回来惹😹😹😹😹,3,1
太讚啦！！！9/20见,3,1
幸好好看的脚脚没事😍,3,1
"认真的男人💜令人心动
 
 那鬓角...也令人心动",3,1
没有错啦！不喜欢太好攻略的,2,2
约起来XD,2,1
我现在真的躲在公司厕所滑工作…,1,1
为什麽师大旁边的五桐号跟可不可都倒了，然后没听过的饮料店好多，不知道该换买哪一家～,1,2
没记错的话应该是二子坪,1,1
#nsd #dallyeorabangtanarmy #labarnlang #chubbylangsakalam #workout #motivation #fitness @ World Gym健身俱乐部 Taiwan,1,1
啊不然勒,1,2
不错喔，有兴趣。,2,1
掛着人权大旗的恶意,1,2
准备开工了 @ 司法新村,1,1
望高寮旁的小径也挺有事儿,1,1
刚好经过,1,1
输你,1,2
刚刚发佈了 1 张相片 @ 台南安平树屋,1,1
"一万两万的修车
 
 虽然对基本的生活不会有太大的影响
 
 
 
 但确实打乱原本飙飙的规划
 
 
 
 已经把飙飙当作自己的特色
 
 现在暂时不能飙飙
 
 似乎让自己跟失踪了没什麽两样",1,2
"《遮蔽的伊斯兰》、《伊朗》、《耶路撒冷三千年》、《伊斯坦堡》
 
 我感兴趣的原来是亚洲吗
 
 
 
 #某郑废文
 
 #废字号 127",1,1
约砲市场那麽竞争喔,1,2
"嗷嗷ㄠㄚㄡㄚㄚㄠㄥㄠㄟㄥ昂欸鞥鞥鞥鞥鞥
 
 欸欸饿",1,1
勇敢的人不是感觉不到恐惧，而是感觉到恐惧也要继续做下去。 @ 椰们餐旅-枋寮海景餐厅,2,1
脂肪可以给自己和他人温暖😊,3,1
"感谢大大翻译
 
 难道是因为出名的关係吗
 
 变的特别活跃？",2,1
伞尼有够坏欸😂,2,2
这个世界只会多次要求你多穿几次，这样可以促进加入的会员！,1,1
巧可老师的PVC 期待✨✨✨ 买起来~~~🍫🍫🍫,4,1
"複合因素的交通事故，后车未注意车前状况及保持安全距离
 
 
 
 汇入的加速的车道长度太紧凑，隔音墙设置不当（匝道汇流处应留空，主道跟支线车辆才看的到彼此车辆做应变）
 
 愿逝者安息🙏",2,2
塔绿班超下流…,1,3
"好烦喔🤣🤣🤣
 
 而且背景色还很魔幻～",2,3
这种反差真是受不了☺️☺️,3,1
已加,1,1
"奶过脸就过
 
 耶～～～",3,1
嗨。高雄小港人。😊😊,3,1
✨✨感谢你✨✨,3,1
真的超级厉害的！加油！！,3,1
台湾大学国民法官法医学教学园地,1,1
"#加罗林鱼木
 
 #旺盛生命力
 
 #大家的成全
 
 #天时地利人和 @ 温州公园",2,1
刚刚发佈了 1 张相片 @ 屏东富邦当舖军公教借款,1,1
"不试过怎麽知道自己行不行？
 
 你做得到的啦！",3,1
很可爱,3,1
雨一直下 要怎麽回家,1,2
原来...颜宽恒是好人啊....,2,1
"终於在去年最后一天工作日拿到那张最重要的纸了，希望新的一年，自己跟身边的所有人都能顺顺利利平平安安！
 
 Goodbye2021 and welcome 2022😊",3,1
讚呦,2,1
肺炎当然像感冒啊，重点是能接受肺纤维化或神经受损的后遗症？20%的人会有喔,1,2
推特 我求你不要再帮我退追了,1,2
哪里有姑姑，哪里就有我,2,1
不过我们都在哀居聊XD,2,1
刚刚发佈了 1 张相片 @ New Taipei City,1,1
谢谢妳的讚美喔,2,1
"领不到年终了
 
 是不是不能离职了
 
 幹（（（",1,3
0风险👍🏻,2,1
真的是超猛的,2,1
晕ㄌ？,1,1
"""笑死""这个词真的很好用欸，形容2521第1集的各种罗希度只有不断讚叹性的""笑死""😂",3,1
"维修案例：
 
 承接同行 - 汽车音响面板，机主不小心拆烂连接座了，有料我都能修复哦！😎 @ Mr.K手机现场维修-IRP独立维修中心.新竹&amp;竹北",3,1
"疫苗作用现在全身关节酸痛
 
 啊啊~好想整天赖着不动...",1,3
不怕生的猫... @ 微笑多肉园艺Succulent,2,1
新的神秘山间锅煎松饼店！ @ GUHill好适山坡,2,1
不能複选吗？,1,1
是吗,1,1
你们在哪,1,1
那我应该被抓去关N次了,1,2
这捷运站的吉祥物挺可爱的说…… @ 捷运环状线y11中和站,2,1
"在高雄人行道骑脚踏车
 
 真的会被机车撞欸
 
 还好我反应够快☹️
 
 解锁都市传说（？",2,3
卡娃伊馁,2,1
会越来越好的,2,1
所以这样的建设品质会好吗？他们或许相信运气但是我不会。再来简单的事情黑道黑金等等都被说成这样了⋯⋯执政期间公部门不处理，那麽永无知的选民票处理你们民进党当然会输。不让他们出来选不就好了？这种事情至少要治标，即使以后把他们用代理人出来那至少也让他们手续点複杂，黑吃黑也会自爆的。,1,4
"执下去就对囉！
 
 遇到想不通或想不开
 
 执下之后就豁然开朗
 
 全都疏通开噜！！",3,1
阿斯～可恶想揉,2,1
好累～ 想翘课了(๑•́ ₃ •̀๑),2,2
喜欢,2,1
好好照顾身体,2,1
我晚上会在台中闪现,1,1
因为当时我是他的第100追踪者XD,2,1
新年快乐,2,1
他用四个字就杀死我了耶。,1,3
"吃饭时间到了，準备开动。🤣🤣🤣🤣🤣
 
 
 
 摄 ：阿平 A-Pen @ Keelung, Taiwan",3,1
我刚刚在 IMDb 上签到了。,1,1
射到满出来🤣,2,1
太好看///粉红佳人,3,1
就看你要不要约,1,1
查看「台食麵疙瘩汤加肉」，可於 NT$100 在 #Carousell 查看：,1,1
好羡慕他🥺,3,1
"中共是否有善意？
 
 还需要你老赵解释、推销吗？
 
 
 
 他是在忽视别人的眼睛、耳朵吗？",1,3
今天家长町田要讲宇宙，那个语速🤣 #町田啓太,2,1
需要摄影师吗哈哈哈哈哈,3,1
宽松世代的他也是帅惨,3,1
露点处,1,1
当雪崩来临之际，没有一片雪花是无辜的，也没有一片雪花会觉得该是自己的责任~,1,3
优雅一直萦绕着宝贝的笑容里,3,1
在妳面前打吗,1,1
刚刚发佈了 1 张相片 @ Cre18 Studio,1,1
竹南那边,1,1
"今天下午大约四点多到驳二特区，慢慢地走慢慢地逛，晚上还可以看灯光秀，还有很多街头艺人表演活动，还有很多文艺文青商品，还有好多吃的，真的很好逛！
 
 母女俩可以逛到快八点多￼🤣
 
 
 
 #难得的新年之逛
 
 #驳二艺术特区
 
 #Taiwan @ 海洋文化及流行音乐中心",3,1
中华民国立法院院长游锡堃在捷克议会上的发言。 如此简短的演讲，把中国对世界的危害总结得十分精準扼要,3,2
2022年5月彰化县芳苑湿地红树林海空步道漫遊！It is roaming Changhua County Fangyuan wetland mangrove the sea and air trail in May 2022 !,2,1
没时间去，有时间的时候应该卖完了,1,2
"子瑜，生日快乐，愿这世界也能跟妳一样善良美丽❤️
 
 
 
 #HappyTzuyuDay
 
 #이쯔쯔하_해피쯔위데이
 
 #ThinkAboutTzu 
 
 #쯔위 #TZUYU",3,1
#猫 #苗栗 #cat #Taiwan #miaoli #猫 #ねこ #고양이 #قط #台湾 #nikon📷 #nikon #Df #ニコンdf #ニコン #野良猫 #茶とら猫 #橘猫 #自然光撮影 #自然光 #redtabbycat #streetcat #车下猫😺 #车底猫 #catundercar #catundertruck @ 大湖乡,1,1
这就是国民匪党的一贯作风。醜化你，颠倒是非，然后就有一群盲从跟随者， 一起、跟随而上。不然这群败逃来台的寄生蟲怎麽可能非法窃占台湾那麽久。,1,4
"因为他，对人没有心机。是古意人。
 
 
 
 他不像我们在社会打滚那麽久那麽的老练了。
 
 
 
 妳可以从中和他沟通及教导。",2,1
您好，有DM您喔！,2,1
还有性感ㄉ痣😜,3,1
昨晚又夜不归宿了，双腿发软，丝袜也被撕破了，内裤不知道去了哪里，底下不停地流着水和精的混合液体#丝袜 #母狗m #反差婊 #奴 #性感内衣 #高跟鞋 #曝光 #丁字裤 #超短裙 #包臀裙 @ 台湾高雄市,2,3
"I was at THSR 左営駅 in 左营区, Taiwan",1,1
"TVN没有播出吗😱
 
 OCN也没有吗？！",1,3
真的是超级恭喜🥹🎉太棒了,4,1
嗷呜抱紧紧摸头头,2,2
看自己变老的样子？,1,1
隔几天看看有没有😗,1,1
哈 这样我会让你 无手喷吗？,1,1
"我到底是多差
 
 身边的人都约过
 
 就我不行",1,3
很明显is ㄩP软体,1,1
"我喜欢男生阿！
 
 不奇怪 很普通 很自然唷",3,1
哈哈哈哈哈 见仁见智喽😂🤣😂🤣,2,1
"#循环不息 #loop
 
 .
 
 .
 
 .
 
 #μεράκι
 
 #hygge
 
 #一花一故事
 
 #红掌 #火鹤 #flamingoflower #Anthuriumandraeanum
 
 #中原淳一 #娘十二ア月 #三月
 
 #治疗性园艺 #therapeutichorticulture
 
 #禅花 #zenhana
 
 #禅花人 #zenhanasan
 
 #花禅 #禅 #zen @ 南华大学",1,1
阿银超帅的救命,3,1
刚刚发佈了 1 张相片 @ 三重国小站,1,1
刚刚发佈了 1 张相片 @ 荣科实业Cybertek 环保碳粉匣,1,1
可以私讯聊聊😆,2,1
"搭乘区快返回工点
 
 第二次坐到新型区间车
 
 两次间距已经可说是一年之久了😯
 
 毕竟是过完年了嘛😂😂😂😂😂
 
 
 
 #区快车 
 
 #年后返工 @ 嘉义火车站",3,1
"我才感谢你
 
 去台南再找你玩",3,1
"这种可以机动部署的东西
 
 一轮炸射要是炸得掉全部
 
 难不成是像克里米亚俄军一样在炸自家弹药库...？",1,2
俄和乌 为什麽打起来,1,1
要约吗？,1,1
刚刚发佈了 1 张相片 @ FTV 民视电视台林口总部,1,1
找妹子喝饮料。,1,1
"要不是我妹要缴交「茶论报告」，我都忘了我有「商标註册证」了，当时自己设计自己去智慧财产局申办～
 
 
 
 #洪馆
 
 #品牌设计
 
 #商标註册 
 
 #商标权
 
 #智慧财产权 @ 洪馆老欉红茶",2,1
他的SOP就是，能怪别人尽量不要怪自己,1,2
"我最近都去三民
 
 它4室外ㄉ",1,1
我也想要吹吹😜😜,3,1
所以是没穿 哈哈,2,1
居然发现不同人，却发一样的照片😆,2,2
我没有🥺,2,1
抱歉，这种的我必须追,2,2
2.很多家都关门了q,1,2
好困啊，有什么好玩的地方吗,2,2
台中有女孩晚点有空吗🥰,3,1
还不错玩,2,1
是吃到好吃的东西心情就会变好的人呢！,3,1
超讚 超香,3,1
"题外话：看这影片之后，其实我蛮喜欢这杨样的吔。好久以前，台北淡水畔观光景点，就有俏女警骑马巡逻；日文警察到现在也有骑脚踏车巡逻；台湾人现在也流行骑脚踏车上下班学；冲绳还利用早期牛车做观光业。这些都真实达到减碳及大自然共生。
 
 
 
 影片中,迷你马可爱,马帮是土豪无误~",3,1
有很多你的学弟😈😈😈,2,1
私妳了,1,1
想要温柔姐系 坚强可靠偶尔撒娇的姐姐好棒！！,3,1
$APT APTOS 投资者解锁期？,1,1
我住台中,1,1
亲爱的是在炫耀你拍的比较好看吗😡,3,2
台湾也要这2个颜色,1,1
"愉悦的台中之行
 
  感谢热情招待",3,1
我考虑看看,1,1
要是落得只会抱怨，那就再也没办法看得到美丽的事物，那就没办法再快乐起来。,1,3
对啊 WAKUWAKU JAPAN超佛😭,2,2
"什麽啦wwww
 
 意义不明",2,1
完美的老婆 好性感,3,1
"椰香麵包、桂圆蛋糕（养乐多）、杏仁瓦片唷。 @ Puli, T'Ai-Wan, Taiwan",1,1
豆浆红茶很好喝！,3,1
读好的东西、吃好的养分、想好的事 🐝🌬⭐️🪐🌍🪐—也是一种好的存在。,3,1
太冷了，不想起床，还是腿软不想起床….不一样的概念😀😀😀😀😅😅😅,1,3
我可以吗,1,1
"有谁还没睡 
 
 留言私讯让我知道你在",1,1
如果有兴趣就聊吧,2,1
"这个恶魔在认真工商的样子好可爱
 
 (*´ω｀*)awwwwww另一个模式的老恶魔，通宵值得",4,1
"同为被认亲受害者
 
 真的祝福那些人
 
 以后也会被相同对待",1,4
"现在少说一点
 
 未来多吊一点",2,1
要是在大陆不得了,1,2
远观就好,2,1
也许可以试试看？,2,1
吃就对了😛去吃趴费就是要吃个回本的,3,1
奇异博士大婶版，看起来就很闹，心动了🥺,3,1
哇高雄的欸,2,1
去幹你😈,2,1
猫咪！,2,1
gogo ~等妳时间,2,1
"虽然有点晚回。我为这事去问过柜檯（自投罗网），她小声的说：你的方案价格很赞，你不要管它是不是到期，它会按原先方案继续执行，只要你不改约。然后有客服会打给你说有什麽优惠方案，千万别答应。
 
 她说的是真的。
 
 后来真的有客服打来，我也有好好谢谢客服。然后说『不需要喔！』",2,2
不穿内裤派😆,2,1
"刚刚发佈了 1 张相片 @ Taipei, Taiwan",1,1
压谁的头？😁😁😁,2,1
爱台湾就是要吃莱猪与核食👍👍👍👍,2,3
口试排我后面好了😂😂,2,1
很会呦,2,1
一起吗,2,1
好吃吗,1,1
徵女友 急,1,1
我愿意,2,1
怎麽看😍,2,1
再说谁,1,1
哈囉,2,1
刚刚发佈了 1 张相片 @ 冈山区,1,1
"[爆卦] 玉里东里车站倒塌 火车出轨
 
 
 
 
 
 怕爆",1,3
会不会你拼完 刚好可以______,1,1
超讚,2,1
肥肥猫,1,1
"Made it to Taipei! Next stop, Bangkok! 🇹🇭🇹🇭🇹🇭 @ Taiwan Taoyuan International Airport 台湾桃园国际机场",2,1
"值得红的新人
 
 希望你可以再接到好多好剧本❤️
 
 
 
 #Flukepsk",3,1
I laced them in 辣酱 too.,1,1
好可惜喔,1,2
想起来在台北逛过南门市场，却没能感受到跟高雄云林一样的传统气氛,1,2
结果今天真的成为众人注目的祭（焦）品（点）🎉😂,3,2
（为什麽在人家文章下面谈情说爱。）,1,2
刚刚发佈了 1 张相片 @ 乌来轻井泽 wulaikaruizawa,1,1
"明天要去东京玩
 
 
 
 主管拿了一个信封给我
 
 
 
 说信封里面有五万日币
 
 
 
 叫我不要亏待自己
 
 
 
 然后问我是一个人去吗
 
 
 
 我说跟另一半
 
 
 
 他就说那这样不够
 
 
 
 又从抽屉拿出五万日币递给我😅
 
 
 
 （虽然我跟主管很常吵架
 
  但他真的对我很好🥹
 
 
 
 帮我推荐一下要买什麽伴手礼给主管
 
 多谢🙏",3,1
这也很性感,2,1
ㄊ之4ㄔ跟昂4,1,1
花莲六十石山，金针花的故乡。😉,2,1
没有办法像你这麽露,1,2
那我帮忙递,2,1
"今天是白色情人节💕
 
 祝福
 
 天下有情人终成眷属
 
 没有情人的找到情人
 
 快来看看朱小婷的影片！#TikTok",3,1
偶尔交通违规闯闯红灯也不错,2,1
年纪大了喜欢怀旧…🤣,3,1
傻逼,1,4
不错啊,2,1
这个女生很漂亮,3,1
有机会，可以给你摸实体！😆😆,3,1
所以盗图仔要出来了吗 这是我现实朋友 她根本没在经营推特☺️☺️☺️☺️,1,3
那就一起做坏坏的事啊😈❤️,3,1
乾我要笑死真的是一样的,3,1
今天的我没有极限！！ @ SYNTREND 三创生活园区,3,1
谢谢🙏你,3,1
"PRN 需要充电 💪
 
 BTW 每次都在北车迷路是怎样
 
 就是需要那个眼球先生啊 😤
 
 #松菸文创园区 #pikachu #北投 #加贺屋 #地热股 @ 北投",1,3
刚刚发佈了 1 张相片 @ Tainan,1,1
偷存图?😮,1,2
"幹你娘操鸡掰，压力有够大。
 
 啊～～～～～～～～！
 
 幹～～～～～～～～！",1,4
上次怎麽没有这样穿😂,2,2
试试，月饼有毒？先餵狗,1,2
无法拒绝😂 @ 迪化年货大街,2,1
高屏地区第16届傑出经理奖暨第14届特殊贡献奖隆重颁奖,2,1
"小号告解了我觉得很糟糕的事
 
 我真的感到很抱歉，但我真的不敢对当事人说",1,3
好性感,2,1
哇😭我昨天才从垦丁回来,1,2
草左马刻你🤣🤣🤣,3,1
其实我要说的是眼镜🤣🤣,2,1
"石牌站前。台湾台北市北投区
 
 
 
 随便拍的
 
 ㄏ
 
 站在石牌站前等时间到的时候
 
 突然看到捷运开过去
 
 就想说下一班过去的时候来拍一下好了
 
 
 
 iPhone 8 Plus
 
 
 
 #visit #taiwan #taipei #mrt #taipeimetro #city #urban #transport #metro 
 
 #台湾 #台北 #石牌 #城市 #台北捷运 @ 石牌站",1,1
对 懂我,2,1
但他好口爱,2,1
五月天 陪你跨年演唱会 [ 线上特别版 ] MAYDAY FLY TO 2022,2,1
很香不油腻,3,1
"#ChinaSCO /4-1
 
 #ChinaKazakhstan 🇨🇳 🇰🇿
 
 #习近平出访
 
 习近平 Xi JinPing #China 
 
 #习近平 #XiJinPing Visits 
 
 #Kazakhstan #哈萨克斯坦
 
 📍托卡耶夫 #托卡耶夫 
 
 #Tokayev 
 
 📍#金鹰勋章 #GoldenEagle 
 
 WED SEP 14, 2022",1,1
"情人节快乐！
 
 #大法师
 
 #逢年过节 
 
 #继续一个人的生活 @ Taipei, Taiwan",2,1
王局怎啦？,1,1
乏人问津 😭,1,3
"好想继续在梦中
 
 这样就可以和她继续在一起了",2,2
如果有嘉义朋友欢迎推荐在地美食,2,1
"不会
 
 豪夺人都说很可爱 😳😳",3,1
对啊 🥲🥲🥲,1,2
好壮喔❤️,3,1
幹嘛 我现在是多差 🤔,1,2
加起来🤣🤣🤣,2,1
跟我想像中的妳一样可爱呢~,2,1
这留言，humm偶洗翻uwu,3,1
夕方😌 @ 阳明山,2,1
"这个要用酒去烤，然后要搭配新鲜的葱段…
 
 好想吃w",2,1
一个分身罢了，找人还是自己开一堆帐号演戏虾鸡巴乱搞，台湾政坛的精华发挥淋漓尽致,1,4
！！这部我一定看爆,3,1
老师总是⋯好多很棒的想法🥺,3,1
但欸各位我要正正常朋友没有性方面需求哦感谢,2,2
冷气开下去,1,1
走呀 我开车,2,1
为什麽推特永远只有 Apple的广告⋯⋯,1,2
是谁🤩怎麽这麽讚🤤,3,1
勇河 黑髮 锡华顺毛 大家都好好看😍😍😍,3,1
还好不痛,2,1
这皮肤真好，玩起来一定很爽🤤,3,1
种苹果XD！对时间少的人非常有用啊，社畜福音！,2,1
"窝煮了一锅牛肉咖哩
 
 
 
 真的爆幹好ㄘ...
 
 家乐福买一送一骰子牛万岁~~~",3,1
这是什麽表情😂😂,2,1
在 Google 地图上查看我的即时位置资讯平镇区高双里13邻民族路3段179巷75号：,1,1
听到坐在对面的两个学生在讨论单尾双尾、阿发值，突然一阵头皮发麻,1,2
又...又想欸配,2,1
当了一个多礼拜的社畜，作息还是调不回来🥲,1,2
以羡慕,2,1
没有的话未婚夫不会出现😐,1,2
"唉,人生无常，大吊车吊小吊车，结果大肠包小肠",1,2
"双林win win,
 
 台湾要赢！",2,1
怎麽了吗？,1,1
真的是太可爱了🥺🥺,3,1
会不会自以为久了就想偷鸡摸狗,1,2
"烦啦！
 
 教小孩怎麽那麽困难
 
 
 
 倒数的名次真的很傻眼😔",1,3
我在陪我先森逛one boy欸,1,1
这个时间阿姨最忙还要报给这些屁孩红包🧧,1,3
太好看啦~~~~,3,1
有人今天来在台师大吗🥺🥺,2,1
神是我们的避难所，是力量，也是我们随时的帮助,2,1
被多人内射到合不起来,1,1
去顶楼，想像自己在没人的山边 😆,2,1
"乐观其成. 
 
 目前立陶宛商品给我的印象都很好 😋",3,1
再推一个如果有在中正路附近，中正路上有间60+茶店，虽然价格略高但还是很讚☺️,3,2
我每天也这样,1,1
号称南霸天（x,2,1
"妳可以回答他说因为价格不一样
 
 旅馆还有分等级🤧",1,2
妲妲这样，那薇妮难道是妹妹的状况？,1,1
我在桃园,1,1
此文献无人能敌,3,1
海边,1,1
生日快乐🎂,3,1
来到传说中的生鱼片丼饭店，朋友找我来吃的！ @ 瞒着爹-台北内湖丼饭店,2,1
逛逢甲牟咁ㄍㄚ˙(◐‿◑),2,1
【房价｜原物料】到底是谁跟你说原物料一直涨，房价就不可能会掉？你忘记五年前，有预售屋单价比中古屋便宜吗？｜国际超级房仲,1,3
"小编遇到神～已趴🤣！
 
 未完成😚～敬请期待🤤！
 
 🇹🇼FEELAIR x MAGICAIR 宽体战神😎！
 
 
 
 #CAR
 
 #Life
 
 #TAIWAN
 
 #倢英国际
 
 #Feelair
 
 #Magicair
 
 #气压避震控制系统
 
 #各车系气压避震改装 @",3,1
欸欸欸别！！ 感觉会很痛~！,1,3
幹！神经病有发病了！,1,4
"真想巴牠的头下去……
 
 想不通以前阿扁怎会跟牠在一起啊",1,3
移动前往纵酒企业中👀,2,1
Wow 真幸运👍,3,1
刚刚发佈了 1 张相片 @ 香缇大道,2,1
"有时候师傅的碎念，
 
 相比我想杀他之前，
 
 好像也没有那麽不快乐了。
 
 ===
 
 先说没有要真的杀",2,3
"要来高雄85陪我吗❤️
 
 #三性姐姐",2,1
非常漂亮！,3,1
眼神变得厌世了(´・ω・`),2,2
"我是知道还不介意那种啊030
 
 有时候习惯诚实到很靠北。",2,2
"倘若你是海，你要如何成为山
 
 一次次的失败，就放弃了革命",1,3
我觉得不穿会有种空空的感觉😂,2,1
好帅,2,1
在这个薄情的年代，要想让别人对你念念不忘，最好的方法就是欠钱不还。,1,2
宵夜文！河合郁人你怎麽可以这样对待下班不久的人（没🤣,2,2
这麽会说,2,1
"🥵🥵🥵
 
 来新竹最麻烦的事
 
 应该就是不能尻尻了",1,2
那须姐姐生日快乐,2,1
不要怕 房子还没倒🤣,2,1
是台湾迷因欸😆,2,1
"应该说「绿花椰菜」跟青花菜😂⋯⋯
 
 谢谢指导🙂⋯⋯
 
 也可能我比较偏爱「绿花椰菜」😂⋯⋯
 
 不过还是谢谢你🙂",3,1
好瑟喔,2,1
"开工了🧧
 
 2019 A200总代理
 
 只跑4万公里
 
 内外如新喔😊 @ 台南东达汽车．中古车．二手车．台南百家好店",3,1
"今天站洗区 速度要超快哈哈哈哈
 
 新体验🤣
 
 我第一次站洗区就开早
 
 然后是店长来帮我:D
 
 /
 
 我因为爱抠手所以手烂的很醜😵‍💫",3,3
很讚👍,3,1
好刺激😍🥰🥰,3,1
"「命运馈赠的所有礼物，早已暗中标好了价格。」
 
 
 
 #本日金句",2,2
不可以吗,1,1
纯的999安100从广州出发蔡正忠有船从南奥出发走私安1公顿还有1公吨海洛因明天到达上海大该跟美国的方式日子一样到达,1,1
"I'm at 台湾桃园国际空港 - in 桃园县, 臺湾",1,1
"「漂酿」
 
 第几杯了
 
 不会醉
 
 会胖！🤣 @ 知本温泉",2,2
超爱台式马卡龙，怕我自己忘记在哪个位置先转推🥹,3,1
什麽都不敢想🤣,2,2
"本人因确诊新冠，感到不适
 
 故对台湾可乐旅游，及大陆深圳天泰旅行社
 
 重复误订国泰航空同日班机
 
 对国泰航空代理人直接强收2100元退票手续费
 
 今决定不会搭机
 
 不会再给到航空公司机组或国安人员机会
 
 并对无时无刻地参与暴凌者感到遗憾
 
 这次要让你们失望
 
 对自2019年起被香港匿名水军
 
 及国泰航空网暴多年",1,4
好可爱,3,1
好可爱,3,1
老大也开工了吗？,1,1
🥲🥲🥲🥲我是说，我忘记车子停在哪个停车场,1,3
还註明是台湾人，笑屎,2,2
刚刚发佈了 1 张相片 @ Taiwan,1,1
当然没问题,2,1
太可爱了🥹,4,1
"感觉 很懂做人的人 很加分
 
 
 
 不管是在交际 校园或是职场
 
 
 
 我也想要",2,1
是喔😔保重喔🥺,2,1
看不到妳漂亮的脸啊！,2,2
啧啧...从小港高中上车,1,2
没想到在疫情紧绷下，还有那麽多人不畏风雨出席我昨日於科博馆的演讲，会后交流知晓还有数位是专程由台北南下，非常感动！#那ㄧ刻琥珀的记忆 @ 国立自然科学博物馆 National Museum of Natural Science,3,1
"今天公司来了帅帅新人，在上厕所的时候遇到，他突然洗手时跟我自我介绍！？ 然后想认识我这样，一整个觉得：「天啊！太小说情节了吧？」，后来加了IG, 开头直接是彩虹旗……直接姨母笑啊哈哈哈哈哈🤪 (没事没事，我还是很爱我男友)",3,1
"加油...
 
 今天虽然可能过得不尽人意，但未来还是可以期待的！
 
 为了更好的未来，选择最适合的选择！
 
 常来看看Shippo的影片，可以获得正能量...性取向什麽的都是浮云...
 
 正能量什麽的我也没有啦！好难啊..",3,3
"动画宅同事表示没看过秀逗魔导士
 
 😢",1,2
"声音迷人
 
 
 
 眼神诱人
 
 
 
 笑容甜美
 
 
 
 这才是最吸引人的妳",3,1
"请允许我在这散播神跟我的福音
 
 
 
 煮好后才端上桌的不是火锅，那是关东煮。
 
 
 
 芋头是邪恶的，他不该放进火锅。
 
 
 
 沾酱区提供花生粉的火锅店是圣地，请保持敬畏愉快的心享用火锅。",3,2
还不错,2,1
终於有人站出来说尽人民的心声,2,1
垃圾就该丢到垃圾桶,1,2
下週进场加油🤣,2,1
圆框好看,2,1
不能进去,1,2
怎麽可能会漏掉区区🥰,3,1
我好了 谢谢蕾娜🤍,3,1
"跟主管出差的夜晚
 
 待会会有人有空吗？
 
 
 
 #流量密码
 
 #约
 
 #台湾美女 
 
 #台湾",2,1
阿斯～,2,1
加油 相信可以的🤪,2,1
"他是上面写黑轮2元（黑轮好ㄘ）
 
 当然还有其他的但都不是所有东西都是2元。",1,1
某郎爱啊,1,1
"我建立了一个社群，可以提供给大家一起加入，一起交流！
 
 您已被邀请加入「紧身恋物交流区」！请点选以下连结加入社群！",2,1
"然后我今天游了1500
 
 目前是在快死掉的状态(;´༎ຶД༎ຶ`)",1,3
"听说破纪录了 真的恭喜www
 
 #睡眠の彼方",3,1
是鸭鸭～❤️,3,1
买了学士服但不知道毕不毕得了业🫠🫠🫠,1,3
哈哈哈哈笑死,3,1
我可以吗？,1,1
"敬爱顾客
 
  因而原物料上涨，将於2月3日起，小豆干、大豆干、鸭腱调涨5元，不便之处请於见谅。 @ 台林街东山鸭头",2,1
好久不见,2,1
哪个学弟妹这麽…,1,2
挖，你臀部圆又大，好想咬你一口喔！,2,1
15也很讚啊,2,1
画质好烂怎麽这样(ㄐㄐ勒幹,1,3
"这是妳吗？
 
 那麽辣辣",3,1
这是什麽东东,1,1
"mirror photo editing en 祝妈妈""母亲节快乐""!!!!!!❤",3,1
是妹子////,2,1
"谢谢【高雄都会台庆联港都】来采访，在演练的时候不紧张，但是正式拍的时候非常紧张，讲话一直结巴，第一段是老邻居，我们在第二段，有空的朋友可以看一下介绍喔。
 
 采访影片----&gt;
 
 #高雄百味 #高雄美食 #高雄旅遊景点 #迷路松饼 #松饼 #凤山美食 #妈我上电视了",2,2
幸好我不是在农委会上班，不然应该早就死了,2,3
早上起床发现小猫被我爸妈丢掉了😭,1,3
真想飞去韩国看线下活动🥺😢,2,2
他不是台湾人，你不必以他为耻,1,2
我怎麽随便骑都60…,1,1
欸欸不是啊本来就没肉了,1,2
I'm at 白沙屯拱天宫 in Tongxiao Zhen,1,1
"下雨天习惯听的歌
 
 真的是太常下雨了 
 
 每週都会听到的歌
 
 
 
 週末夜 晚安了",2,1
"我抓到头目卡比兽了 
 
 他跟房子一样大只耶
 
 看起来超大超软的",3,1
刚刚发佈了 1 张相片 @ 嘉东李妈妈青果社,1,1
还要研究看看OwO,2,1
求内裤型号,1,1
甲骨文系列 #永保安康 #embrofami @ Embrofami 臂章家族 客製电绣,1,1
金手指,1,1
没有任务啦,2,1
不给RT欸,1,1
对啊 很久了,1,1
好可爱na🥺,3,1
期待你的作品 不知道是否能在继续欣赏,2,1
你朋友是对的,2,1
再吵下去，打高端会送机票吧,1,2
感觉不错哦！,3,1
我都跟家人在一起,1,1
水滴奶喔,1,1
等待你的到来🤣下次找你签名,3,1
"就是想约跑 怎麽了吗？！
 
 各取所需 单纯喜欢性怎麽了吗？",2,2
那可以买了 XD,2,1
可喜可贺🎉,3,1
哈哈 就是说咩,2,1
腐女从小开始,1,1
也太气质❤️‍🔥,3,1
"看了换乘恋爱…慢慢的打开未能好好分手的那一段恋情，才明瞭原来不是他是最好最优的，而是没能好好说再见，遗留下来满满的遗憾，才让我直到现在都无法放下那个人。
 
 原来透过电话的分手，无法把心中的闷与怨说明白，轻易的离开了一段感情，那是很伤人的方式。",1,3
打平史上最高温纪录！澳洲气温高达摄氏50.7度,2,2
桃园台北都可以唷,2,1
差点忘记穿裤子出去,1,2
脱裤子怕他们太开心（误,2,1
麻烦好好在家！☺️,2,1
好啊，你就一字不删地把对话上传到这里，看看大家觉得谁是宝可梦。我都告诉你，我看破你是为了免费用东西，什麽谎话都说得出来的人，所以我不想再跟你约了，结果你自己仍坚持跑来淡水，你要怪谁？而且你除了把Grindr假定位设在淡水，你有什麽證据说你跑来淡水？,1,3
"20220212 台北超级马拉松--旗袍路跑接力，完赛后就是要气氛庆祝一下。
 
 
 
 #旗袍路跑 
 
 #台北超级马拉松 @ 新生公园玫瑰花园",2,1
"喉咙痛微发烧赶快快筛，结果阴性🫥
 
 虽说现在没本钱休假，可是好想休假",1,2
的确会很辛苦😅,1,3
Tika説改这礼拜六在高雄表演，我要不要下去一趟…,1,1
会发出舒服声是正常的😄😄😄,3,1
好喔！我下次去吃！感谢推荐～,3,1
刚刚发佈了 1 张相片 @ Taiwan,1,1
怎麽了我在我在,2,1
刚刚发佈了 1 张相片 @ 中山站商圈,1,1
你上回介绍的台中火车站前韩国菜非常的棒 这回这家素食一定要去试一试！谢谢你 ！,3,1
很讚欸 漂亮,3,1
Happy birthday 生日快乐🎁🎈🎂🎊😄,4,1
"中时社论》为一人赌全民 蔡英文该想想 - 中时社论 - 言论
 
 民进党执政，只为自己的政治利益思考，完全没有人民的问题，现在的执政者高喊“抗中保台”可曾想过她比共产党更残酷，无良😡😡😡😡",1,4
刚刚发佈了 1 张相片 @ 台中公园,1,1
I'm at 牛大福 - 牛肉场料理专门店/沙茶火锅城 in 潮州镇,1,1
那个屁股好欠打,1,3
没问题这个？,1,1
"感觉跨年的疲劳跟没睡好到现在还在
 
 
 
 这两天上班一直觉得客人在叫我转过去看没有
 
 
 
 看着A结果脑袋想的是B最后出成B
 
 
 
 要切白洋葱结果拿到紫的切完才发现拿错了
 
 
 
 还好没受什麽伤 明天放假可以回去爆睡了",2,3
一回我住的地方马上开冷气😌,2,1
"看得好认真喔～
 
 会不会他看到的人不是你？",2,1
刚刚发佈了 1 张相片 @ 渴望会馆,1,1
一仔豪可爱🤩,3,1
#dayoff4 #yoyogipark #dogrun #goldenretriever 场所: Yoyogi Park,1,1
📸：妳的意思是妳是烟雾弹吗👀,1,1
学者认为，这突显疫情之下的现象，一是散客多拉高房价、二是业者认为降价也不会有客人，但一旦疫情稍有趋缓消费者仍会买单高房价。,1,1
时间到了 @ 中和碧河宫,1,1
他妈的左胶力量，卫生棉跟纸尿片是文明进步的象徵都不知道吗？要不要脸卫生纸都减量？,1,4
我8/30开学( ；∀；),1,2
哈哈 谢谢你,2,1
真的有推唷👍🏻我们就是给师傅按了之后才入坑推特的😂但真的很棒的体验,3,1
"刚刚发佈了 1 张相片 @ Taipei, Taiwan",1,1
来,1,1
"我有个想法 现在感染过确诊的人
 
 是不是某种生活圈的接触 我是说
 
 如果阿滴确诊了 我刚好也确诊了
 
 代表我们之间有一条连接的线
 
 连接着我们这些人 
 
 ：）",2,1
是啊，很可爱,3,1
我不作梦的,1,1
赛博什么时候可以开始挖金币,1,1
厉害的，厉害的哈哈哈哈哈哈😚,3,1
"这不是想说的，我太不擅於表达了
 
 标準这个东西没有大家来讨论然后定下来的话，那所谓标準就只是个主观思维了，从李登辉时代开始全面开烂的国民党今天得到这样的结果是必然的，且他还要背他造的孽，我感觉他们会投靠共匪某种程度上是能够理解的，但我绝对不会认同的，相信其他人也是，所以才会节节败退",1,4
"鹅鹅妳闻道了吗？是妳熟成的香气💙💙
 
 （拿餐具",3,1
"我知道啊🤣
 
 我老婆都不跟我打砲了😭",2,3
"连续炸腿好几天 明天放假了
 
 花生汤圆 章鱼小丸子 还有冰箱满满的金牌凤梨 我可以当🐷惹",2,2
想按摩,1,1
在房间健身会一直想耍废,1,2
这哪位,1,1
我婆我婆我婆,1,1
有兴趣的直接私我 附脸照跟自介喔,2,1
"阿伯：老闆我上次来鱿鱼羹没加到豆芽菜啦
 
 老闆：哈哈哈係哦~今天补给你啦~你看豆芽跟麵一样多ㄋㄟ
 
 阿伯：阿娘喂~~~
 
 
 
 爱死了这样开心对话~",3,1
卡哇伊,2,1
不用误 就是事实,1,1
快来看看家明老师的影片！#TikTok,2,1
有人吗❤️唷呼🥲,2,1
想要坏坏了 呜呜,2,2
妳这麽爱我喔,2,1
胆子小，不敢，只一直看着意淫，哈哈,2,2
"「嘉义当铺/免留车/万泰当舖/嘉义汽车借款/嘉义机车借款/嘉义当舖/小额借款/黄金钻石名錶借款」的 #Google 专页 
 
 心动不如马上行动‼️ 赶快Call in🔥
 
 免付费专线洽询☎️：0800-000-881",3,1
我好像恨认真地教课 其实。。。,1,1
我有一个问题，怎么去认识台妹....,1,1
当地海产吃到饱,2,1
好瑟喔~,2,1
难怪你看我心情都不好,1,2
口起来～抽号码➕1,2,1
我DD我骄傲～,2,1
请问哪里能汇款？,1,1
嗨，可以认识吗？我也高雄,2,1
"昨夜凌晨下起大雨来，天气配合的天衣无缝，适合泡汤的气氛。
 
 #雨停了 
 
 #呆水温泉 
 
 #后山发呆 @ 呆水温泉 Sui Spring Retreat and Spa",2,1
午时 同寝吹 爽之 睡乎,2,1
没幹他？,1,1
那麽好,2,1
25岁女星穿短裙大走光 洩一片黑底网问「想被检举吗？」 - 娱乐 - 中时新闻网,1,2
"第一次看到
 
 有人用公司的水
 
 洗自己的车",2,1
处理保险的临柜姊姊好亲切，是会开启美好的一天那种（虽然一天已经过一半了,3,1
琦丽!😍,3,1
不行我实在太激动了！老师34话太讚了啊啊啊啊啊！！久违的激动～～～～大家代币不要省！我话搁这了！真的不要省！！,3,1
什麽意思？,1,1
早上碰到冷水也是啊啊呜呜,1,2
刚刚发佈了 1 张相片 @ 荣生鱼片,1,1
我也是员林人,1,1
刚刚发佈了 1 张相片 @ 嘉东李妈妈青果社,1,1
刚刚发佈了 1 张相片 @ 新光三越「台南新天地」新光影城,1,1
生日快乐,2,1
好噁心欧 男同志🏳️‍🌈,1,3
"第一次的挖宝圆满结束！
 
 有机会也把其他的解完 @ 淡水老街｜Tamsui's streets of old",3,1
night in the neighorhood #calligraphygreenway @ 勤美 诚品绿园道,1,1
一样呀,2,1
不是要当小老师的意思🫣,2,1
"被客人吐到衬衫，真是吓屎ㄌ
 
 刚好被后来进场的客人看到：天啊会不会太早
 
 天啊小姐妳的喝酒观也太正确ㄌ吧",1,3
不要随便逛社团 真的会被女偶像漂亮自拍吸走⋯⋯⋯⋯🫣,3,1
我吃牛肉麵一定要加酸菜 哈哈,2,1
这视角真棒,2,1
口爱、、（鸿的那只在远方眷顾着我们）,3,1
"复职之后只感到满满的疲惫与厌倦⋯
 
 真的每分每秒都想着离职离职离职，但是理智跟卡费告诉我：「No No No, not yet.」",1,4
"一睡醒来做了一个 #中国梦 然后 #一片大好，#社会主义 #接班人 一片 #暧心 故事开始，全民都 #脱贫致富 了，全民一起 #共同富裕 上路。
 
 加油！持续性 #封闭式 #防疫 防控。",3,1
"梦到同事生日 我送了一包要价两百多块的卫生纸
 
 不是一串 是一包哦
 
 哪里有一包两百多块的卫生纸可以买？
 
 我想让他美梦成真一下",2,1
"不太可能 当初降低的也是民进党
 
 现在再提高一定会被砲到体无完肤",1,3
"〔难熬〕
 
 那些吵架后所留下的
 
 往往都最令人难受😣",1,3
穿暖点,2,1
在LA也约不到吧！只有看你给外国人,1,2
我也这麽认为。,1,1
照骗啦,1,2
好想被幹,2,1
怕自己饿爆,1,2
可恶，豪想知道表情有多淫荡~（欸不是哈哈哈哈🤣🤣,3,1
救命也太萌太疗癒了😍,4,1
也是从大陆回来？,1,1
到底淋浴间会被抓所以直接在烤箱的道理是？,1,2
芭蕉,1,1
为什麽030,2,1
想要战吗？,1,1
对啊🥵,2,1
侧拍更可爱😘,3,1
虽然无法去现场，不过看到喜欢的CP有only场就觉得好感动(*´艸`*),3,2
"拍这张的时候是紧急拿我妈手机拍的
 
 相机App有开声音
 
 
 
 猫还回头喵我
 
 感觉是怪我暴露他的位置",1,2
"衝突、撞色系列
 
 
 
 人生就是不断接受衝撞
 
 
 
 以前不可能接受的
 
 
 
 或许有天我们都接受了
 
 
 
 甚至可能会成为最爱的 @ 台铁中坜车站",2,1
"想过会不顺利
 
 但没想到这麽不顺利啊( ･᷄ὢ･᷅ )
 
 直接搭错三次公车的三人小组",1,3
我没挑会看起来很像臭脸🤣,2,2
轩辕敬城无疑是最情深义重的人，隐忍二十年，读春秋大义、佛门慈悲等，就是为了从书中找出一条真正的三教贯通之道，最后为了女儿挑战已入老天象镜的轩辕大磐，隐忍二十年的轩辕敬城也告诉了各位，读书也能读出武功，领悟天象镜，让自己一日天象镜最后打不过临阵悟招让天象镜在上一层以「陆地神仙之镜,3,1
"被两位老闆画了个大饼了
 
 我该相信他们吗🫠",1,2
至诚顶礼南无第三世多杰羌佛🙏🙏🙏,3,1
"国立旗美高中
 
 多媒体设计科
 
 专题成果发表 @ 国立旗美高中",1,1
我要检举你,1,1
刚刚发佈了 1 张相片 @ 松菸2号仓库,1,1
幸福的困扰ㄟ🥹,3,2
可以喔,2,1
Ig真的很怕一个不小心就传错照片上去🤣,2,2
"好久没有来补货了 @ Taipei, Taiwan",1,1
"星期一好地狱🥲
 
 好想辞职",1,4
"天气晴朗
 
 但
 
 我的心情就像远方的天空
 
 浑沌不明…… @ Taipei, Taiwan",2,3
或者也可以私讯我,1,1
刚刚发佈了 1 张相片 @ 微风南山 Breeze Nan Shan,1,1
花椰菜还好吗？😲,1,2
"他週末竟然没放假？
 
 他们整天只能用一下手机而已欸😔",1,3
"可能是第一次
 
 也是最后一次在这个地点打卡￼
 
 感伤又说不尽的感谢
 
 也代表社群商务的转型又更成熟
 
 谢谢这几年新竹服务团队的一路相伴￼🤗
 
 
 
 #以后大家买NUSKIN不用跑竹北了
 
 阿乔服务专线➡️ 
 
 
 
 #好朋友我们再相会 🥰 @ 竹北如新生活馆",3,2
那我要进去囉🥵,2,1
"唯一支持 12号！！
 
 黄昏之星（中略）托帕！！",3,1
"Vox的hope in the dark 哈哈哈哈哈
 
 太有趣了 之后一定要无限播
 
 心情不好的时候听一定很有效🤣🤣🤣",3,1
感谢您，希望今年世界和平，全世界的大家都能安好平安顺心,3,1
可以约你拍照吗,2,1
岁月静好,2,1
签下去会变噁男,1,2
烦死了,1,3
我是跟别人收的所以我也不清楚是哪家的QQ,1,1
刚刚发佈了 1 张相片 @ 阿米巴複合式餐厅,1,1
尤米尔哪有那麽可爱！？ 🤣,3,2
"1/2
 
 
 
 第 2 天
 
 
 
 伏地挺身 20
 
 仰卧起坐 20
 
 深蹲 20
 
 
 
 三次",1,1
位置标记距离500公尺…,1,1
然后摸顺势把戚风抱入怀中,1,1
邀请你来我的自助餐厅打工:,1,1
当然可以,2,1
可以加一吗？😄,2,1
喔呼 我的菜❤️,3,1
高雄朋友来捧捧场哟！,2,1
"社畜日常想要找回一点无畏、一点感动
 
 #110hbl #一日迷妹 #吉祥物摸头感觉萌萌的 #星期一上班日只能回忆週末 @ 台北小巨蛋 Taipei Arena Mrt Station",2,1
感谢，我要拿来用💕,3,1
注意安全~有没有考虑路上找间眼镜行或超商买个隐形眼镜呀？(⁠˘⁠･⁠_⁠･⁠˘⁠),2,1
帮吕先生洗白一下~😏 @ 仙湖农场,2,1
现在想要谁要爱中坜,1,1
幹！噎死吧！中国去死,1,4
"崇拜柴契尔夫人（前英国保守党首相）的蔡英文说：「去跟你老闆说」就被駡到现在（至今我照駡）
 
 
 
 工运出身的赖香伶讲劳工申诉管道完善，笑死
 
 这些左派人士真的要玩死自己才开心耶
 
 2014北市劳动局长ivoting那局
 
 挺我大ㄐㄍ真的比挺赖香伶值得",2,4
"过年的重头戏大概都过了
 
 第一次压岁钱=0元
 
 之后差不多也要自力更生了
 
 期许接下来的一年能安稳地自给自足然后顺利毕业（？
 
 
 
 #日常murmur",2,2
快热死了,1,3
自己来巨蛋看啊,1,1
活动策划这边报告一下，因有好野人告知15应援公车近几天都未出车，经与厂商询问后发现该公车已於1/8晚上故障至今，维修人员正在抢修中，预计最快明天会修妥出车！至於未出车的这四天，厂商答应会延长宣传时间至2/4或更久，确定修复好会再发文告知，请各位好野人不要白跑一趟了&gt;_&lt;,2,2
这个真的，没在格子内的都很危险。,1,2
哈哈应该,2,1
"我喝开了 有点无聊了 
 
 刚好看到有人也在开这个
 
 就想说也来玩玩看",2,2
并没有，国籍和户籍是两回事,1,1
两个美女耶，可惜我不在新竹,2,2
www不知道讲出来他们会什麽反应,2,1
没事哈哈哈 台湾人很习惯地震了 🤣,3,1
好性感,2,1
今晚打老虎🐯,2,1
"推特反着吃屌是最近流行趋势吗( ･᷄ὢ･᷅ )？
 
 看到好多女孩头仰着被幹嘴巴喔
 
 美感是在？？？！
 
 
 
 #易吐体质的适合吗😂？
 
 #我也来拍一组反吃照？",2,3
糖葫芦很好吃耶，叫阿峤多吃一些,3,1
讚,2,1
"傻眼 跟看片无关啦
 
 妳男人多碰点 不就知道了吗？",1,2
哇呜～,2,1
没关係我离你那很近😂😂,3,1
"房东在吹房客回家 
 
 啊是催啦",1,1
"山海鸣光
 
 710颗渔船灯火
 
 #豪华朗机工
 
 #cityexplore @ 基隆车站",1,1
天啊，第一次听到地鸣,1,1
没拍到脸 安全的😘,3,1
"今天叔叔联络我，说阿公要送安养院，希望我每个月帮忙分担一万多元的费用。
 
 
 
 其实我是孙子辈，跟阿公可以说毫无感情，遗产也没我的，要我承担过世父亲的份并不太公平。
 
 
 
 但是叔叔是善良的人，虽然往来很少但从小对我也不错；既然我收入还过得去，那就不要计较了。
 
 
 
 而且说不定也没有剩多少时日了。",2,4
欢迎来找我玩呐🥺❤️,3,1
反观魔都。,1,1
明天还要放西装照吗🤔,1,1
"El director argentino con descendía taiwanesa, Juan Martín Hsu, documentó su viaje a Taiwán para conocer más sobre sus padres. /1
 
 
 
 府中15纪录片放映院 2022年5 6月【另类人生】主题影展：特别放映《月影归途》预告",1,1
帮拍拍,1,1
妳卖啥呢？,1,1
我normal end 而已，还没做好进入true end 的心理準备,1,1
有没有想吃日本料理宵夜的台中朋友🥲 很不喜欢一个人吃饭,2,3
已经放弃了...༎ຶ‿༎ຶ,1,3
"就像风曾吹过我的脸颊一样
 
 妳也曾吹过我的…？",2,1
那只好穿后空给同袍看,1,1
"只有感觉哥哥对弟弟们的爱欸❤️❤️
 
 影片有什麽不对吗？！",3,1
有口味可以选吗🤣🤣,2,1
看来晚上肚子又要开始饿了呢,1,2
就算不是视觉也是有粗粗啊,2,1
帅哥！,3,1
哇难得可以看到你的捧场😂,3,1
"如民主国家眼睁睁看着乌国平民被大屠杀，没能团结快下重手终结暴行，后果将重到人类难以承受!If the democratic world failed to real arm-punish Butcher Putin till he cease the slaughter of Ukraine civilians soon, the final disaster will be beyond the limit human beings able to bear!",1,3
操你妈不想浪费时间社交是杀小，击败就是白吃白喝而已啦！幹你娘还有什麽可以形容你？,1,5
"✨欢迎👏想了解瘦身及美容的各位好朋友👇立刻将官方帐号加入好友吧！
 
 
 
 #LINE官方帐号登场",3,1
"新年快乐！
 
 到初五才一低头...来不及了...",3,2
这张好漂亮🥰,3,1
天冷泡脚吃拉麵,1,1
"生意好到誇张的港式便当店 @ Taoyuan District, Taoyuan",2,1
完美的行程,3,1
"动态帮我按讚呗/偷笑
 
 #CV需要关注 #感谢您的支持与追踪🥰 #CV的笔记本 
 
 #CVe饰 
 
 #虾皮cvcv131232
 
 #cvcv131232 @ 嘉义县太保市",3,1
"大年初三
 
 
 
 赶快睡觉💤🤣 @ Studio Noon 午安阳光棚",2,1
并不喜欢酒味,1,2
我问号🤍,2,1
你国民党势力哪里弱？？？？,1,3
什麽县市呢,1,1
"2022.02.02
 
 带着一家大小走春拜拜🙏
 
 祈求全家平安健康顺利👩‍👧‍👦👶
 
 今年一整年工作一直发发发💰 @ 台东天后宫",4,1
这是清水还是肉帐,1,1
"谁在北车
 
 现约炮喔！让你感到爽",2,1
"你要是不催 我早就起来了
 
 就是不想听话
 
 就是讨厌那种感觉",1,3
日本战败后旧金山合约日本需放弃台湾及附属岛屿权利，但并没有说还给中国,1,2
"会不会有抗药性了？
 
 需要换药吗？",1,1
没错,2,1
"子瑜
 
 生日快乐👏🎂♥️",3,1
我累了,1,2
牙好痛…..痛到睡不着……,1,3
商人无国界，艺人无国界，都是哪边有钱哪边去，运动员也是无国界？那幹嘛代表某国要去参加比赛？,1,3
帮你转发一下,1,1
"🥹🥹🥹
 
 醒过来了",2,1
旷世钜作『六花姊不要』是吧,2,1
刚刚发佈了 1 张相片 @ 中悦上林苑,1,1
可以吃24小时的建宏牛肉麵,1,1
夭寿,1,2
有真的被带走了吗？,1,1
帅,2,1
白色节快乐...乐...乐个屁阿....呜呜🥲,2,3
"到底是…
 
 做“梦想”起飞～
 
 
 
 还是…
 
 做梦！想起飞？…XD @ Mitsui Outlet Park Taichung",2,1
望高寮或睡中二高大肚山靠近龙井的半山腰都是不错的选择,2,1
"#拌冷面 只有这有韩国味
 
 其他都还好
 
 好想飞韩国🇰🇷
 
 呜呜 @ 한식당韩食堂",2,2
会计姐姐买的吗,1,1
政府保护人民还错了?,1,2
白肉锅搭葱油饼或烧饼都相当好吃 @ 围炉酸菜白肉火锅,3,1
我超爱这种超废的谐音哏,3,2
床头找音响,1,1
我个人还是喜欢IDO🤣🤣,3,1
出太阳了 @ Lukang,1,1
台湾灯会～法船 @ 冈山公园,2,1
诶幹不是啊⋯⋯我真心相信你诶😂,3,2
"聊到停不下来
 
 亲友也说我是迷阿",2,1
小声跟我说就好☺️,3,1
"我刚刚用沐浴乳洗头
 
 冲水的时候才发现感觉不对…
 
 会怎麽样吗🥹🥹🥹🥹🥹",1,2
如果是妳 其他我都不要👌,3,1
"星光瓶一上市我就买了10瓶，我妈说很好用，但我会小过敏😅
 
 但的确很多人的回应都不错～",3,2
错了唷～,2,2
我住高雄欸🤪,2,1
他硬起来了,1,1
想要好吃又不黏牙，不用负责也不用陪伴。当我什麽？免费的便利商店吗？这麽想要方便？去找妓女吧！去花钱爽一爽吧！怕约到雷？去店里慢慢挑吧，给你们机会把我当什麽？一个无条件付出的肉便器吗？想得美！滚回去自己打手枪吧！别浪费老娘时间！你那根屌再大，我他妈也不想碰！,1,
今天的天气冷冷的 可以去泡,2,1
"糗爆 哈哈哈哈
 
 谢谢大狗❤️❤️",4,2
我原先只知道高铁有，乡巴佬,1,2
是绝对买爆的程度好美🥺,4,1
嘿喔,2,1
可以去别的地方出遊 XDD,2,1
"旬 极上烧肉 大甲店
 
 台中市大甲区顺天路210号",1,1
现在不是封起来了吗,1,1
痾...贵圈~~~😱,1,2
谁叫妳做人太成功,2,1
「#五星连珠」！ 百年一见 #天文 奇景 - ETtoday新闻云,2,1
这 这是什麽邪教？？？,1,2
全新驾驭体验？！,2,1
"一直都有
 
 只是以前很少自拍+皮肤曬比较黑
 
 所以不明显",1,1
"🌍🐱~好期待🐱的尖叫声~😆😆😆
 
 #theearthe
 
 #mixxiw
 
  
 
  
 
 #EarthMix",3,1
"期待你能像人家说的
 
 众里寻他千百度，蓦然回首，那人却在灯火阑珊处！
 
 
 
 经过了二年，你找我了，是我等到你了吗？还是只是我的痴心妄想。
 
 我们的相遇是那年的三月，再相遇也是三月，只希望能一直维持下去，平淡的牵手一辈子。",3,2
现在可以私讯了吗😂,2,1
"那些诈骗帐号是不是开始职业倦怠了😍连我这种明显是女性帐号,也开始收到一堆问我要不要和美女们认识交往的讯息?????",3,2
明天可以出门了 ✧*｡ ٩(ˊᗜˋ*)و✧*,3,1
麦克风🎤🤣,2,1
@Sia 这图很酷～😎,3,1
哇这哪里啊,2,1
那里,1,1
喜欢这样,2,1
好听到炸😭💕,4,1
已收藏 感谢🙏🏻,2,1
"早上面试实习公司打来说要提早做英文测验
 
 半小时风行雷厉的完成后主管就离开
 
 徒留刚睡醒不知道刚刚在做三小的我",1,2
晚安喔！！,3,1
刚刚发佈了 1 张相片 @ 亭仔脚古早味-幸福路上,1,1
刚刚发佈了 1 张相片 @ 潮麻包,1,1
感觉我知道是谁😏,2,1
说到做到喔☺️,3,1
辛苦妳了,2,1
靠护士的欧派疗癒的？🤣❤️,3,1
嗯 好,2,1
"以往都有把家人亲戚
 
 给的红包袋留下来的习惯
 
 最近打算清理掉
 
 
 
 想说小心起见每个红包袋搜搜看
 
 结果有3个漏网之鱼
 
 搜出了2400🥵",2,1
为我即将到来的音讯空间设定提醒！,1,1
两个都要,1,1
又来了,1,1
我是觉得没有什麽香菜的味道 上面奶盖部分还不错 可以尝鲜看看,2,1
下午打电话问，确认可以，就直接上网掛号晚上的疫苗门诊。六点一到準时看诊，排到第一个。是单针剂型的，一下子就打好了。,1,1
"说得很好，现实社会需懂得风险资产的配置，才是最好的理财行为。
 
 
 
 #Ukraine️ #台湾 #FODL $XYM",2,1
刚刚发佈了 1 张相片 @ 驳二艺术特区 The Pier-2 Art Center,1,1
对呀,1,1
重量训练完的有有氧，阶梯机…流汗跟下雨一样XD不过好爽^_^ @ World Gym健身俱乐部 Taiwan,3,1
这太讚了,3,1
要不要吃义大利麵,1,1
我最怕被认出,1,2
我也想变喷水池（误,1,1
不知道人生活得这麽累是为了什麽,1,3
晚安，我的大小姐，好好休息喔！,3,1
其实前面还唱了更多w,2,1
太太太太甜了,3,1
后面的阿姨怎麽没有一起跳！！！,1,1
不～我不是一种海产～,2,1
"一巴掌打不醒就来十巴掌！
 
 
 
 我要来锻鍊我的手部肌肉肉",2,1
哈哈 太性感了唷,3,1
好帅,3,1
"谢谢誇奖 🥰🥰🥰
 
 一起来善用美图秀秀 😉",4,1
咬内裤10000分,2,1
可能喔🤔,1,1
"这张我真的要疯掉
 
 前几天在限时动态看到就截图了🤩
 
 拿来当桌布（神经病",3,2
伤口割后会有灼热感，感染更难过，我试过，爱自己第一，加油,2,2
"我很想录弹唱 可是幹喉咙被Covid 搞的连唱张悬的歌都有问题
 
 我想唱一路向北
 
 晴天
 
 关於我爱你
 
 黑色幽默
 
 妳的睫毛
 
 啊靠邀只能弹吉他都唱不出声音了啦
 
 幹那个传染给我的女人给我出来🧣🧣",1,3
新年快乐,2,1
职业得出来了唷！,2,1
喔乾⋯有点丢脸🫣,1,2
普通色啦☺️ 嗷呜～（歪头,2,1
我已经想到战败(?)CG了,1,1
我在基隆,1,1
这杯说是咖啡风味的调酒，旁边那说是洛神花风味的贴纸,1,1
对 但这次要抓你的,1,1
先办一场打手枪的比赛😂 喜欢快枪侠,2,1
那我的老公文学和口口文学怎麽办啦,1,1
我台南啊,1,1
刚刚发佈了 1 张相片 @ 长荣桂冠酒店(台中),1,1
"台湾地震，日本海啸
 
 大家都要平安啊啊啊",2,2
猫猫老闆被迫营业w,2,2
既然不愿让我出现在你的生活圈，那我就只好默默的离开了～,1,2
当初开户大多人都建议用FTX，我觉得怪他的操作模式怪怪的，现在事后想想还是庆幸～,3,2
"我也是😭👍今早上班路听心音
 
 一路眼框含泪😭
 
 #心音
 
 #Omoinotake 
 
 #チェリまほ
 
 #チェリまほTHEMOVE 
 
 #チェリ家",3,2
谢谢妳每天都有不同的惊喜,3,1
呃 那不就失联了,1,2
炯炯有神❤️恋爱了😍,4,1
笑死，我每次冲完都以为自己性冷淡了，结果没几分钟又想要...䒑,3,1
有人载w刚好他开车要去别的地方,1,1
新年快乐啊！☺️☺️,3,1
我其实出差和我的主管同房也会被打呼声吵醒🥲,1,2
你秒回好讚😍,4,1
变得混乱,1,2
这傢伙是来败民进党！故意搞得很没水準。,1,4
好像诈骗的套路记得上次好像有看过,1,1
有收虚拟货币吗,1,1
今天怎麽一直地震😒,1,2
"听话就绿码
 
 不听话就红码",1,2
国立臺湾博物馆。大家来过吗？ @ 国立臺湾博物馆 National Taiwan Museum,1,1
我也想要这样,2,1
台南欢迎您,2,1
笑死 用力错误？,2,2
"其实昨天纵酒有看到很多认识的，不过由於我实在太害羞的所以没过去打招呼🫠
 
 
 
 不知道有没有推友有增加社交勇气的方法🥹🥹🥹",1,2
连结错误，这个才是正确：,1,1
来嘛，人家等你啦,2,1
刚刚发佈了 1 张相片 @ 原岩攀岩馆-杨梅店 T-UP Climbing Yangmei,1,1
"急急急～
 
 台南到底好吃的有什麽
 
 好选择障碍啊～～
 
 
 
 #台南
 
 #急
 
 #吃",2,2
窝滴天…,1,1
我也想看你有多帅,2,1
我可以挑战吗？,1,1
选我选我（误,2,1
当然对啊！,2,1
"睡了个安眠
 
 精神终於好起来了",2,1
浪费了🤤🤤,3,2
怎麽约妳,2,1
来,1,1
刚刚发佈了 1 张相片 @ 野餐计画,1,1
你在哪里公园，我想去看你裸奔好不好，一起拍照，私一下,2,1
生物奇观 他俩怎有话说,1,1
你跟他想了一模一样的东西,1,1
一直想坐旁边小baby的盪鞦韆 @ 台北好好看公园,1,1
欢迎欢迎,2,1
🦅 em 赚钱钱$$,1,1
如果超过100人给爱心…就上传片子！,2,1
"哈哈有专心在看耶，很棒
 
 要继续多收看支持呦😁",4,1
请你看到回我ㄧ下，我的人生就这样被你害惨，当初你说没结婚才跟你在一起，今天你欺骗我，你早就结婚了，你老婆凭什麽要告我，这件事情是你搞出来的吧,1,4
有谁可以帮弟弟我换佩佩,1,1
给你ㄏㄍ,1,1
还是正体字好看,2,1
"把小孩哄睡后，就可来个宵夜场了😏
 
 看到了一点进步，可以跳着走路不会爆心跳了 🤣 @ 龙岗森林公园",3,1
来（x,1,1
这週起到週四，臺湾期末，已爆炸，已哭。,1,3
有机会的话帮妳拍照,2,1
快来看看以简驭繁的影片！#TikTok,2,1
只要一张图 剩下全靠编,1,1
所以身为版手的我要管制老闆们的健康是应该的ψ(｀∇´)ψ,3,1
妳可以的！,2,1
"昨天不该连喝四只威士忌…
 
 早上被反胃乾呕到醒…",1,3
出门记得做好防护哟 @ Taipei,2,1
刚刚发佈了 1 张相片 @ 巧玲沙龙,1,1
"听~海哭的声音
 
 
 
 #sonyxperia1ii 
 
 #travelbyxperia 
 
 #跟着xperia去旅行 @ 淡水三芝浅水湾",1,2
"我就当拜天地了🥹
 
 🎎🤵🏻👰🏼",1,2
"好想…找人…抱着
 
 如果是他…就好
 
 为什麽这个时间感到特别空虚呢
 
 硕士的未来日子在疫情下感觉更迷茫了",2,4
日本现在是下午吧！,1,1
我是谁,1,1
"是不是有些走网红、名媛路线的人有意的去学过一些PUA的trick？ 还是天生就会发脾气、求帮忙、吹牛、诋毁等招数并用？
 
 
 
 这种玩法我在绝地求生的小学生队友里见过，粘着你玩游戏又搞队友伤害，整个就让人操心。缺乏关爱也不能没有礼貌边界呀。
 
 
 
 #套路深不敌见识广",1,4
"其实我的小朋友国小就有喝一点
 
 只是会控制喝的量
 
 我自己国中后，也开始喝酒了
 
 不要喝到烂醉就好
 
 从国中开始，就要开始训练酒品
 
 酒量不好没关係，酒品要好",1,1
那爱吃那地方大肠麵线呢,1,1
哈哈哈我们都45啊😝,2,1
一定把到色脉,1,1
我一直会在只是少见面了但认识你们我生活多彩多姿了😅,2,2
全部都是文案，不然就是早洩,1,2
有伴运动就会有动力！,2,1
真的很粗！,1,1
我待加强,1,1
"政治迫害啦，哪次不迫害。
 
 老家狮潭乡长好几次都有乡长贿选被抓走，当初据说一票6000，这次不知道有没有，所以大湖乡贿选不意外~",1,3
《剑与远征》傲血雄狮重磅登场！和我一起锻造元素巨刃，领取丰厚奖励吧！,3,1
好的好的谢谢你(〃'▽'〃),3,1
台南这里,1,1
下週我也要上台北，希望能当蕾娜抱睡的对象😃,3,1
遇到很多人在讨论开放式时都是拒绝或是说自己不需要，结果偷吃出轨/三心二意的几乎都是这类人。,1,2
哈哈哈哈哈是很好吃的表情 （但我觉得用这个有点色😋？？？？,3,1
我觉得你比阿滴好看⋯,2,1
"真好今天忘了带笔去学校
 
 一整天都不知道在幹嘛",1,2
刚刚发佈了 1 张相片 @ 宝宝的窝,1,1
洁丝生日快乐🎂🎂,3,1
等我收到第二个再换!,1,1
"咳出超浓超绿的痰
 
 细看还有一点点血丝
 
 好久没这样了😨",1,3
你好性感,2,1
"现在买影片送约会 赶快找我买❤️ ❤️送三个 免费约会❤️❤️
 
 -付费视讯
 
 帮忙转推❤️追踪我—-",3,1
当然不行✋,1,3
有私讯你喔！,2,1
超想幹 他马的,1,2
台南美食不少，也是我最爱的家乡😋,3,1
因为我眼睛 小🥺🥺,1,2
嘿嘿～来三温暖坏坏w,3,1
没有🤷‍♂️,1,1
好惨🥺,2,2
自己来的猫猫ʕ •ᴥ•ʔ,2,1
结果我居然去把那部影片看完了,1,1
开服惹，各位,1,1
"购物车里书本的数量一直增加
 
 但是家里还有一堆还没看完啊",1,1
"最近开始带着自己笔电去科任的班级外接大萤幕上课。
 
 
 
 看着讲台上可以放笔电的地方，一堆粉笔灰⋯⋯
 
 
 
 我还是不要买MacBook air m2版好了，免得心痛。（说得很像自己有钱买一样）",1,2
被男友折起来，衝刺到最后的💦然后突然腹肌就抽筋了直接捲成一尾虾子差点痛死,1,3
"真的是太舒服了🥴
 
 谢谢窝爸们的招待❤️",3,1
"顺顺走
 
 顺顺遊
 
 还好老天爷疼惜
 
 贵宾在走行程时都放晴
 
 坐车移动时才下雨
 
 感谢啦
 
 #花东纵谷国家风景区
 
 #臺湾环岛包车自由行
 
 #客制化包车
 
 #包车自由行 @ 黑潮妹 台湾 自由行 漫慢遊",2,1
嗯明白，但他问今年安全措施进步了蛮多。希望这次还好,2,1
哈哈😄跟家人来，比较不方便。刚到台中囉，开车累，先躺,2,2
干。。。你几时要复活齁,1,2
"拍手歌-原声合唱团圣彼得大教堂惊艳维也纳 ""Kipahpah ima"" by Vox Nativa at St. Peter's Church ...",2,1
但羊肉妳朋友的老公应该也不愿意这样子吧，应该说男生都不愿意让自己的伴侣行房到一半就虚了的感觉QQ,1,2
"这个这个！！太让人心动了💗
 
 那个吻太超过了啦🫣
 
 太sweet了啦！💕",5,1
口爱的黑猫🐈‍⬛,2,1
你要我怎麽能忘记？,1,2
"期待节目上线。
 
 #元宇宙实境秀
 
 #影视产业转型 
 
 #愿望合夥人
 
 #全球首创
 
 #品牌再造
 
 #跨界合作
 
 #BIBOVERSE
 
 #NFT
 
 #web3 @ 鱼池乡",2,1
现代年轻人180+很多吧？185算十分之一？,1,1
都猜18岁最保险,1,1
啧啧难不成是不够帅吗,1,2
匿名无畏。,1,1
不然真的会有吗？,1,1
上班到一半又地震吓人,1,2
刚刚发佈了 1 张相片 @ 永坤动物医院恒春新院区,1,1
刚刚发佈了 1 张相片 @ 香山湿地赏蟹步道,1,1
"风城
 
 是实至名归",2,1
前扣很厉害,1,1
"Happy Valentine’s Day 
 
 
 
 情人节礼物,开箱中...
 
 
 
 #PINGGOLF
 
 #G425
 
 #ECCOGOLF
 
 #动力GOLF
 
 #动力芦竹店
 
 #芦竹练习场 @ 芦竹高尔夫练习场",2,1
未听先转,1,1
"嗯哼
 
 现在週末的行程
 
 大概4这样😌 @ 薇妮幼稚园",2,1
"小庭，就是要复古
 
 连招牌都是用画的在铁板上
 
 好不容易找到的老师傅哟
 
 是不是很厉害呢！
 
 
 
 #期待 #626开始营运 #加紧赶工中 @ 小庭找茶 丰原创始店",3,1
"想现约有人吗？
 
 #嘉义
 
 #有地或旅馆",1,1
每次看妳的文案 我都会笑,2,1
真的太好了！（除了对防疫人员翻白眼）,3,2
"今天本来想用个熊好券
 
 结果去的4个地方都没用到_(´ཀ`」 ∠)_",1,3
柠檬皮屑。我灑的不是很好,1,2
如果自己是身高体重力气都比对方大不只一轮的黑带女生（heavy tall strong woman）在对方(short thin weak man)面前一样会因生理性别因素（我女他男）而害怕吗？在这种情况下，纯粹好奇请问,1,1
生日快乐🎂🎂🎂,3,1
一起加油💪🫂,3,1
要不要买看看好吃到被偷的海苔？,2,1
那些美好透过作者的视角化为永恒，谢谢🙏,3,1
好好笑 我好台,2,1
在主时来喔～🎵😂,3,1
妳很气耶,1,2
刚刚发佈了 1 张相片 @ 高雄盐埕埔捷运站2号出口,1,1
"今天上课的时候被男同学从后面用力的拍了一下屁股
 
 
 
 差点就湿了…….",2,1
可以给你玩屁屁,2,1
今年苗栗还是单身公寓,1,1
可爱死,3,1
欢迎来台中,2,1
这根针太大支，会痛痛哟😍😍😍,4,2
太可爱了我想要这样的东西,3,1
刺青好帅🥰,3,1
刚刚发佈了 1 张相片 @ ITUNG NAILS 伊特美甲,1,1
"每天再这样吃吃吃下去………🤣🤣🤣
 
 
 
 #过年就是要炫food #过年就是要吃 #每天吃饱饱 #妈妈持续投喂 #乾煎午仔鱼 #滷肥肠 #滷猪脚 #曼波鱼 #酱烧肉丸子 #海参白菜滷 #很好我要胖死了 #幸福肥 #初三 #台湾 #台湾 #台中 #taiwan #taichung @ Taichung, Taiwan",3,1
可以啦 偶这边连红包的影子都没有Q,1,2
当时社恐不太敢直接跟两位COSER问联络方式 如果有朋友知道的话请帮我或提醒我打TAG🥺😭谢谢‼️,3,2
我喜欢西装超帅,3,1
"台湾的朋友们，希望你们平安无事！
 
 
 
 Dear friends in Taiwan,
 
 
 
 Hope you are all safe and sound!
 
 
 
 #Taiwan #台湾 #地震 #earthquake #safe",3,1
"隔壁邻居固定早上8:30开始打 
 
 下午2点开始吹吹
 
 希望明天早上不会被打醒或是吹醒…",1,2
长时间插着会膨胀,1,1
看起来,1,1
一起来幹弟弟😍,3,1
买啦哪次不买了🤣🤣🤣,3,1
不吃亏,2,1
刚刚发佈了 1 张相片 @ Taipei,1,1
党国教育真的很可怕！那些「喝国民党奶水」长大的在中国党失去政权之后，就自顾自的认为中华民国被民进党拿走了！就不必再效忠自己的国家、不必再为这片土地着想，反而跑去亲共，意图要一同对付同在台湾的敌对政党，早就失去民主意识。一个没有民主思想的政党，整天想靠选举骗选民、又想拿中国好处，噁,1,
"您是华人吗？
 
 看您有完全使用汉字。",1,1
我想但是我离妳太遥远,1,2
喜欢,2,1
早午餐 @ 台中市一中商圈 Yizhong Street,1,1
"NICE
 
 
 
 官方购买NFT的用户，在MINT时有概率抽到蓝筹NFT，NICE盲盒已经加入了BAYC、Okaybears、trippin ape、justape...）",2,1
刚刚发佈了 1 张相片 @ 琢蕴越亨，炫茶器，柴烧,1,1
这是什麽羊驼？,1,1
想幹妳,1,1
"印刷的知识好庞大，
 
 虽然老师提供很多资料可以看，
 
 有不会的可以问老师。
 
 .
 
 但上课老师是跳着讲，
 
 听到的都是碎片，
 
 没有脉络可以依循。
 
 .
 
 觉得印刷的知识好难懂喔😖",1,3
现在小孩好好喔…高中毕业也能继续长高 🤣,3,1
这个小宝贝，龟头看来，像一颗苹果，看来很好吃的样子,3,1
台北地震....,1,2
一个人搭猫缆真的有点怕🥶,1,3
"对呀
 
 每样物品都小小的
 
 好可爱🥺🥺🥺❤️❤️❤️",4,1
《核弹新瓜-张津瑜和吕总啪啪不雅视频高清原版》- 泥视频 - 海外华人在线影视，播放地址：,1,1
这个学长身材也好好喔🥵,3,1
这部第一季男主把女主翻过来还飞来一只 苍蝇害我做恶梦一週,1,3
刚刚发佈了 1 张相片 @ 斑比山丘 Bambi Land,1,1
都不要争，两种一次买看她吃什麽。,1,1
中国共产党成功渗透台湾国家……习近平;谕令指示;统一台湾国家后……比照香港自治法……,1,2
"没事
 
 我相信他已经习惯我追着他的人跑了🤣",3,1
"哥哥我们来看演唱会囉！
 
 
 
 #陈姓退休井圆首场个人较大型演唱会 
 
 #扩大为民服务 场所: TICC 台北国际会议中心",2,1
他们两个人只是脱光光，盖同一条棉被在纯聊天而已，请不要误会,1,1
看到乙白的引退文，桥本有菜也去帮她祝福跟加油，乙白也表现出明显的沮丧，看了真的很可惜,1,3
加油。早日康复,2,1
"那*个
 
 呜呜错字好烦......",1,3
谢谢你喜欢☺️ 好开心,3,1
刚刚发佈了 1 张相片 @ CC Gallery,1,1
"合作邀约
 
 
 
 工时短 薪资高 隐密性高！
 
 客群为公司主管 医生 投资客 
 
 富二代等..💰💰💰
 
 安全 时间弹性 地点台北都可
 
 「可兼职」有兴趣了解私讯
 
 
 
 Ps:我们女孩平均收入都落在30-50万
 
 如果您真的很缺钱 或想赚第一桶金
 
 欢迎您询问 互相了解工作",2,1
"把中正路接在后面才好笑吧
 
 受害者跟加害者放在一起
 
 大概是整条路一次改的花费太多？",2,2
要补档的快来欧,1,1
"【淬练】
 
 
 
 土壤淬练出草地，
 
 山岳淬练出树林，
 
 阳光淬练出绿叶，
 
 攻顶淬练出隔天的乳酸堆积。
 
 
 
 #sonyalpha#sonya6300#sigma16mmf14 
 
 #谷关七雄#谷关八仙山#八仙山国家森林遊乐区 @ 八仙山主峰2366m",2,1
驾..驾..超有画面的.笑死..,2,1
身为忠实观众当然喜欢 👍👍👍,3,1
什麽东西,1,1
刚刚发佈了 1 张相片 @ 三星中油花海园区,1,1
"红牌只是上的好的代名词，千万不要上的好就有了偶像包袱，或是全世界都要看妳吃饭的态度，这样是很容易得罪人而无形中影响自己的收入喔！
 
 
 
 💘想学习怎麽经营朋友圈的妳，记得把文章看完喔😊",3,2
你的翻译来的很及时，世上只有一个独一无二的Boss，跟Boss只有一个人，意思差很多,2,2
没有啊,1,1
需要帮忙吗？,1,1
好久没看的咪噜和贝塔一起直播，有机会邀请太和虎子来认识一下！？,2,1
脱离地球人常识,1,1
魔力球 丢～,2,1
摇来摇去∠( ᐛ 」∠)＿,2,1
惊讶🙀,1,1
谢谢小乖乖爱你喔,3,1
好喜欢魂学这个词喔！,3,1
"日常的诵经祈福🙏
 
 
 
 #壬寅年 #五月 #十五日 #诵经 #心经 @ 彰化县竹塘慈航宫",2,1
好想看现场😍😍😍,4,1
让我们看看 Dear Dear 的答案！,1,1
人间或许很美好，但下辈子⋯⋯不来了！🙏🏼 @ 艾叻沙,2,3
"跑跑走走 坚持下去 
 
 
 
 这是第一天 
 
 来看看能维持到多久
 
 能再进步到什麽程度
 
 
 
 #boxingtraining
 
 #自由教练
 
 #双北 招生中
 
 #一对一拳击教学 
 
 #拳击团课专班
 
 #角豆杂货送货员
 
 #到府服务 @ New Taipei City",2,1
四个人还吃不完欸,1,1
真的 情感上差很多 那个五百多真的越数越伤心 🥲,1,3
出乃玩就是开心～,3,1
"#俗女养成记拍摄地 
 
 #菁寮老街 
 
 #后壁 
 
 #台南景点 @ 菁寮老街",1,1
"保险套跟相匡是哪招？
 
 单身没家庭的用不到。",1,1
Lol 大家现在都好敏感,2,2
"╲联动进行中／
 
 『最后的克劳迪亚』
 
 ×
 
 『钢之鍊金术师』
 
 
 
 那些鍊金术师在克劳迪亚的世界中登场！
 
 此外，通关联动任务即送「阿尔冯斯・爱力克』！",2,1
"他的穿着打扮很奇特，听说是学他主人的样貌⋯？听得懂人类说话，但是会假装听不懂（就是很机车的狗狗）其实是可以和人类沟通的，只是他懒得跟人讲话，所以喜欢用写的，（通常不会写太好听的话）
 
 当他跟你撒娇代表你是天选之人⋯你可以开始囤起司罐罐了。🧀️",2,1
玩具没有温度 我有,2,1
有够香,2,1
"🍓🍓🍓🍓🍓
 
 #莓好时光 #strawberry #いちご @ 大苑子茶饮",2,1
"今天跟心仪的工程师在厕所
 
 然后副主管走进来上厕所 😑😑😑",2,3
西多士，热量破表，好吃就别想太多～ @ 港茶经典-Konger Taste-东兴店,2,2
#快过年了!赶快趁这个礼拜整理头髮 @ olsen,2,1
在ff被推来推去回家才发现脚踝好痛(´；ω；｀) #ff39,1,3
脚脚很白净a！！,2,1
终於让我等到这一年 令人晶彦的一年,1,1
想约你,2,1
很可爱 有机会的话 可以合作一下,2,1
蒋介石跟宋美龄！,1,1
"跟大家分享一件新鲜事
 
 
 
  
 
 我们班上出现了一个三角恋 ！！！
 
 A某是班上算是班花 ？
 
 B某是体育健将
 
 C某是渣男（同时搞好多个
 
 A喜欢B,C这两个男生
 
 然后B,C也都喜欢A （B,C情敌
 
 B,C原本是好兄弟 ，结果吃对方醋所以友谊小船翻了 ！
 
 A也不知道要怎麽办 
 
 
 
 总而言之我们班上现在关係很複杂🤣🤣",3,1
I'm at 全联福利中心 in 大安区,1,1
好美，难得好乾净的空气,3,1
"又是个想着另一半
 
 却睡不着的夜晚
 
 好想抱抱他🥺🥺",2,2
大概知道那台日混血是台中人。他也想被幹。,1,1
一件有一换成一新版一书说一提醒机一说书一留话一全部在一埃及一首都一图书一说一人务一女人国全部小孩一起买是一言承旭一演请全部谢谢一全部自行再见一不走又下拿说是一自己女人国一在看又听一不是国人一真是不要脸一年轻人爱性一地老一男国买地一人界一电影片一起看一电视一广告一零股一不是我女人国,1,1
回去述职还要隔离10天，快笑死，可没办法，买办这一行竞争太激烈了，之前那个郁什麽的老头不是才出事了吗？,2,2
脑粉报到,1,1
"为了KARA我必须活到11月
 
 
 
 现在00后ㄉ人认识她们吗ಠ_ಠ
 
 当年具荷拉真的是美到不像话
 
 STEP现在听还是觉得超神(;´༎ຶД༎ຶ`)！",4,1
不过妳的开药好奇怪唷，通常都史蒂诺斯再开上去是Fm1，最后才会开到Fm2。,1,1
我刚去看动物，被不知名的屎滴到,1,2
讚,2,1
当然可爱,2,1
台科的兄地 你还活着吧⋯⋯,1,2
吃饱再去爬山,1,1
哈哈哈哈我快笑死 我要告诉他💕💕💕💕,4,1
"完全自由心證阿
 
 你怎麽能知道裏面没有一只调皮的象?",1,1
不会的，九笙棒棒💕,3,1
生日快乐,2,1
请问是阿嬷配方的潮吹饼乾吗🍪,2,1
至於良率(66.7%)就算了，10星没有一个良率八成的,1,2
青春大合适的永昼。,2,1
所以重点是你条件是什麽,1,1
"没有 我一直都没有
 
 我跟他们大吵 我被排挤",1,3
闷又睡不着 睡不着又烦躁,1,3
台湾人真的可以来🇨🇳大陆走一走，看一看！会发现和媒体讲的毫无关係！,2,1
一起让世界更温柔,2,1
哈囉～我们把眼睛睁开来，魅力放出来🙂,2,1
快来～,2,1
猫咪睡着了 🤣🤣,3,1
你想去外国读书，如果不是学霸用成绩辗压他们本国学生取得入学资格，就是彰显你的财力用钱砸到学校为你开门让你毕业。台湾的大学帮外国人加分还减免学费，挤压本国学生入学门槛，有没有搞错？,1,4
幹你妈的分部积分真他妈烦，就像职场上的鸡掰老闆一样，讨人厌但为了钱（学分）又不能没有它🖕,1,
刚刚发佈了 1 张相片 @ 环南旧公寓,1,1
"明明就在彰啊
 
 啥定位给我显示在南投...",1,2
我陪妳,2,1
我是老师控,1,1
不论何灯，只要是鸽都一路畅通,2,1
男朋友跟女朋友一样都很难找🫠,1,2
时间更改为4月2日,1,1
Watame持续被446吃掉中ww,2,1
不可稜这麽贤慧,1,1
锻鍊肌肉💪好看,2,1
这种时机 还是看一下比较好😅,1,2
没事你还年轻 这东西老人才有😝,2,1
我刚喝水差点呛到…这啥组合啊😆,2,2
"妈妈出院 不会再有病痛了...
 
 
 
 明明觉得自己已经放下
 
 但家里真的太安静了...🥲",1,3
"妳不知道我是谁！你不知道我是谁！
 
 你绝对不认识我是谁（逃跑",2,1
"柯的行事逻辑跟思维，真得跟老共一样。
 
 真得很会讲骗取民心，如有一天他掌权，就是另一个专政极权欺瞒的统治。
 
 当初共产党怎麽从无到有，最后还成功夺权。先骗取民心，一方面又吸收大量流氓土匪，不停的发动内战。",1,4
呱张~妳几多胖？,1,1
我喜欢跟他一样被打屁股喔！,2,1
台湾製可以买laban喔,1,1
乱说 造谣🤨,1,3
"拿了iPhone mini就回不去了
 
 阿斯这个刚好的尺寸❤️❤️❤️",3,1
对欸。这是鹿港的特色,1,1
选了堂师大的课过过瘾😂,3,1
反正他準备卸任了,1,1
请教一下医生，我年轻时割包皮，但后来因为伤口裂开，没去医院重新缝合，导致伤口好了后，包皮跟龟头颈的癒合处，很不好看，这个有办法重新手术处理吗？,1,1
"旁边的人：我不想录影，我想沈浸在这里面
 
 他朋友：反正，他的歌也没什麽好录的
 
 
 
 我心想：本来就不能录影🙃",1,2
你真的很好笑你现在还能在大陆四处旅遊去北京？去上海还是去香港脑残,1,3
长不对地方啊😮‍💨,1,2
好想看现场,2,1
"这是中方的说法吧
 
 事实就是当时有港英代表在
 
 不管结果如何这是三方谈判没错",1,1
没有错的啦,2,1
拍的很棒哦,3,1
"今天大大大爆睡
 
 想说自己是不是得了累累病
 
 结果下午看药盒才发现不小心吃到安眠药
 
 瞬间破案",2,2
唱一首:流浪到淡水 @ 福尔摩沙高速公路 北上,1,1
今天要跑外送 看情况 开台 预计22:00开,1,1
生日快乐,2,1
很猛欸,1,1
刚刚发佈了 1 张相片 @ 忠孝大学眼科诊所-全飞秒雷射视力矫正中心,1,1
爸爸身材真好好想被你幹哦,3,1
这麽有种，去产油国泼看看呀！,1,2
感受ㄉ开关被关起来，没快乐也不会悲伤，平平静静的。btw七星山很美,2,1
"不要对啵啵就好(X
 
 想跟奥利佛打🥺",2,1
台湾苗栗县三义乡国际慢城 欢迎您！,2,1
皇家原味起士条48入/盒★PTT网友推荐团购美食,1,1
好的谢谢,2,1
恭喜你，将以7-11店到店寄件，麻烦私讯我，收件姓名/电话/7-11门市名称及地址,2,1
这麽早起加油加油,2,1
"考完试好无聊，
 
 和之前大一后来重考的室友，
 
 讲了四个多小时的电话，
 
 觉得嘴巴好渴，是应该喝水了。",1,2
津轻海峡原来是公海,1,1
应该是,1,1
我很会「插」「玻璃」～ 🤣🤣🤔,2,1
果然是粿照~,2,1
妳好,1,1
"现在的我，对生活已经无感，身边没有知心的朋友，彷彿这世上只剩我一人活着。
 
 
 
 自己如同汪洋大海中的一艘小船，随着时代的潮流，漫无目的地漂泊。",1,4
"好烦喔
 
 为什麽阿瓦隆这麽烧脑又这麽好玩啊
 
 重点是我根本不会推理QQ",2,3
装变压器啊，我高三的时候才装的，两平米变压器供三十多个教室和两栋宿舍，虽然不能同时开，要错峰,1,1
啃，你消失好久喔,1,2
照片有令人心动,2,1
好大喔🤤🤤🤤 好想试试看,3,1
内射吗,1,1
情人节是什麽,1,1
妳去试完有用跟我分享嘿,2,1
巧克力会飞？,1,1
继续割中国韭菜吗？他做到了,1,3
就是宠阿~,2,1
好优哦,2,1
那是远看，近看就........哎呦我的妈,1,2
有人要一起皇池泡汤吗,1,1
"成大中文系陈益源特聘教授新作，敬请各位师友亲朋卓参。
 
 
 
 欢迎收听臺南市文化局「臺南奇庙对谈」EP.14南区-盐埕鲲鯓之人神鬥-盐埕北极殿
 
 
 
 
 
 「成大中文・文中大成」，欢迎大家来台南成大人！",2,1
"2022是Polca年 2023TayNew必合作新剧
 
 -By 臺湾神童",1,1
"不是，目前只有十几个人而已，是一开始不知道如何加好友，嫌麻烦，所以想放弃……
 
 但经网友解释后，现在已经知道如何加好友，所以朋友圈还在继续……",1,2
有看到 誇张🥵,2,1
"久违的台北行，第一次现场看这类型的爆笑喜剧，整场充满欢乐，想知道内容的就等上HamiVideo上架吧！期待未来推出的新场次。
 
 #炎上 
 
 #萨泰尔娱乐 
 
 #澎恰恰 
 
 #炎上burn @ 台北流行音乐中心",2,1
不相信会这样穿，不相信会有人围观！没有照片没有真相！,1,2
"反响很热烈欸😳
 
 其实还有尻在他脸上的🤣",2,1
中午来听点好歌😍😍,3,1
"#废话日记
 
 到底是因为前几天冷到
 
 还是太久没好好休息
 
 还是both～真的不晓得～
 
 只知道这几天真的无法好好睡觉
 
 不是睡一睡鼻塞呼吸困难一定要坐起来
 
 就是睡一睡想吐但是吐不出来
 
 我还自诩是超·健康人
 
 真的是搞笑🤷🏼‍♀️",1,3
性感 想幹,2,1
我们。8月见（牵～,2,1
第三剂Get！ @ 忠义公园,2,1
为什麽男朋友会接受另一半被其他男生弄,1,2
我的泪 滴下来 你从来不曾看过,1,3
时隔四年 还是很喜欢这个画面,2,1
"看中医，进诊间之前要用手机拍舌面。
 
 好神秘的防疫措施",1,1
真因：垃圾指挥官、垃圾绿蛆总统😰,1,4
"我都不出门～～～黏梯梯
 
 所以没有几点回家的烦恼。",2,1
打喔,1,1
I'm at 7-Eleven in 新北市,1,1
哪里有摩天轮,1,1
好久没吃烤玉米，还是这家好吃！💕 @ Q10旋风式烤玉米,3,1
生日快乐~~🥳🎂,3,1
观赏精彩短影片！,2,1
休假能幹嘛…,1,1
附近有小姐姐吗？ 能带我逛逛吗,2,1
"各位，看过这张朝拜图吗？
 
 有人好奇为什麽兰兰出没一楼让我们朝拜吗？
 
 星期六，19：45
 
 吾兰万岁，应援献舞
 
 献醜了
 
 
 
 欢迎看完回来这里写个感想
 
 
 
 #跳了半小时舞
 
 #我也不知道会剪出什麽
 
 #兰兰你看 
 
 #兰兰的快乐LA",2,1
新年快乐,2,1
"刚刚在hornet上遇到那种想约ㄆ又兇巴巴的
 
 我只是不喜欢在完全不认识的情况下约(我甚至都没经验)
 
 想要多认识一些再看看，看他又很急，我也不是很閒，现在期末有一大堆书要读，就跟他说我回讯息不快，如果会介意可以先去找别人
 
 他就骂我髒话，还说跩屁
 
 我傻爆眼!!",1,4
喜欢看女生被我服务的表情,2,1
吓死人,1,3
"说个笑话 这是在台北市
 
 
 
 松山慈惠堂免费发快筛&gt;&gt;&gt;",2,1
"吓死 我刚刚看到我国小学长的肉帐…
 
 还是赶快睡觉好了😵‍💫",1,3
"原来还可以这样
 
 不过要先备妥三视图没错吧！？",1,1
可以买吗😍,3,1
可以加入吗,1,1
认错猫猫打招呼的画面 🤣,2,1
刚刚发佈了 1 张相片 @ Sanchong District,1,1
关於蔡英文总统属意我担任看守内阁行政院长。我的所学能充份发挥。我欣然接受。蔡英文总统的任命。,2,1
年轻人就是年轻人都长痘痘了，还说自己四十，看起来才二十几吧,1,2
"黑一圈
 
 但是中间没曬到😅",1,2
刚刚发佈了 1 张相片 @ 等等。美甲｜美睫｜半永久纹绣｜温、热蜡美肌｜采耳｜小图刺青（台南东区）,1,1
来私训约,1,1
有没有人有兴趣一起来泡汤啊？（男女都欢迎）,2,1
我在嘉义耶😳好像可以来一下哦😝😝,3,1
骚的刚刚好😍,3,1
"了解～谢谢 希望台湾赶快上🙇🏻‍♀️
 
 不然好像B站也有？",2,1
反正我会去投票,1,1
"里面开放给你的粉丝们
 
 我就不跟大家抢了",1,1
"在研讨会跟有发表的地理系帅哥聊到天了
 
 离开时他拍我一下说说不定以后是同学🥹",3,1
太色不好吗😘,3,1
怎麽买,1,1
谁这麽坏让我们辣椒一直被锁啦,1,2
"而且到最后是为什麽也不是那麽重要了呢
 
 遇到就是遇到了还能怎样哈哈
 
 起码捡起一点可用的东西往前走了",2,2
同学🥰好个佳餚美酒配美人~🤩🤩🤩,4,1
哈哈哈，来来来,3,1
我们回家说（摸头,2,1
吃妳,2,1
从太平洋吹来凉爽的风 @ 山月吊桥,2,1
"FlashW 经典遊戏实况 魔物猎人携带版3rd Part 41 继续速刷，金银夫妻火龙 
 
 金曜日1/14午后4时 首播",1,1
搜不到😢,1,3
大时代的球王，再会,2,1
"快来看看霸气太阳的影片！#TikTok
 
 又是一个蟑螂政客.....蟑头鼠目,💩💩💩💩",2,4
完全不会,1,1
哈哈，是这样齁,2,1
要是没有隔着玻璃，说不定会更清晰…,1,1
"这种无故的问题我也是会觉得，乾你屁事
 
 回覆他然后被回：我好奇你在幹嘛阿...",1,3
"让大陆内地的同胞都来组队来联防在大陆的精美日台独
 
 都来仿效这这就是所谓台独的宗教自由，迁徙自由，就是 没有自由
 
 无视疫情，天天找敢死队往你身上蹭， 散播病毒
 
 就是连九二共识里尊重 一国两制的文化都不如，
 
 倒数2分钟，找个人堵我下楼，故意展示你掌握了天网",1,4
但不取消，迟早也会丸,1,2
"今天下山⛰️办事。
 
 想说经过这里这麽多次，总是得找机会停下来走走吊桥。
 
 
 
 正当我在拍第一张照片的时候，就开始给我下雨☔️。
 
 我应该要感谢观音对不对🤔？
 
 至少让我在这里穿雨衣😂 @ 观音瀑布 (南投县)/temp",2,2
"别灰心，姆巴佩！
 
 2026年世足赛，你们法国队还有机会争取拿大力神盃！！！
 
 #FIFAWorldCup 
 
 #ArgentinaVsFrance 
 
 #ThankYouQatar 
 
 #姆巴佩 
 
 #阿根廷夺冠 
 
 #别灰心 
 
 #2026WORLDCUP 
 
 #2026年世足 
 
 #2026年美加墨世足",3,1
真·腰瘦,1,1
来喔,2,1
"2022年第一次来爬山…
 
 #合欢山 #合欢东峰 #挑战 @ 合欢山主峰3417m、哈哈山3285m、石门山北峰3275m、合欢山东峰3421m",1,1
帅哥保暖,2,1
努力就会有回报,2,1
谢谢老闆,2,1
好喜欢暮光的色调,2,1
痛风锅 @ 土狗乐市 乐涮海鲜火锅,1,1
我的天…板南线塞到我真的不用扶完全不会倒…西门后直接空一半(´；ω；｀)以后天天都是这样的生活,2,2
好多天线宝宝 @ 翠山步道 碧溪步道 大崙尾山步道,1,1
他第二段不是骂了吗？第三段是失智吗？,1,2
我希望你就是另一个主角（咦,1,1
"妳小孩已经成年了
 
 要不要考试他自己可以选择
 
 跟我们该不该停办考试有什麽关係
 
 凭什麽这麽恶毒地诅咒「等妳确诊重症就知道」",1,3
吃醋了吗😘,2,1
我可以报名吗？,1,1
可惜在台南,1,2
原来汉士在西门万年大楼喔,1,1
我女友给你玩,2,1
"米家空气检测仪
 
 
 
 使用3年的米家空气检测仪 萤幕触控失效 还有内置风扇出现异音！陆版台湾没有维修代理 只好自己来维修！首先观察了外壳没有螺丝孔位！拆的时候要小心 触控跟萤幕是一体！自己本身有两台米家检测仪 风扇马达都有异音！
 
 欲知全文请移驾到吉得堡小古部落格！",1,2
推推 真的蛮好喝,3,1
2023 驯龙高手 独行侠,1,1
所以我都脱光光,1,1
可以到府服务😂,2,1
"我没有去别的地方说什麽啊😂😂
 
 当然知道。我也是推止推",2,1
屁股白白净净,2,1
哪比得上妳的,1,1
鹈户神宫 场所: 新竹东宁宫,1,1
哈哈哈哈 学长你瓜张,2,1
DAI 在还没纳入USDC 前也 depeg 了几次了，不怪主事者，那是 eth 最动盪混乱的时代，eth 手续费成交速度也恶化了整个问题,1,2
唉……还是乡下好没压力也不会管,2,1
买了新风扇,1,1
忘记在播音乐⋯⋯请注意音量🔊,1,1
这样就对了,1,1
白人你们真的够了,1,2
18岁小大一的那个暑假，就被13老闆说，你才刚满两个月成年（我七月生日），看到一些小妹妹讨论三温暖暗自窃喜，我只想说你们早得呢,2,1
我喜欢,2,1
员工旅遊到花莲顺路买的🥰,2,1
现在高雄等你哦,1,1
"想爱爱了
 
 ＃花莲 的朋友",2,1
疯掉😍,3,1
在台南美术二馆旁而已！大推奶油菇菇鸡肉义大利麵跟薄饼（现在想到还是觉得喔伊细ㅠㅠㅠㅠㅠㅠ),3,1
卡🌚群组连结,1,1
我只看到妳,1,1
民进党好像有个姓赵的要选台北市议员的也在说要研究「不在籍投票」，他也真的是吃饱撑着⋯😠,1,3
赶快去做按摩！😆,3,1
"有些上健身房的人，只把肌肉练出来，
 
 
 
 但脑袋却弄坏了。",1,2
"领了红包就是要
 
 爆买一波！
 
 
 
 虽然也没花很多钱就是了",3,1
"昨晚带小朋友去摩斯
 
 角落大妈跟朋友视讯聊天直接开扩音
 
 大聊公公今天去打第一剂，喜欢看神雕侠侣，刘亦菲最有仙气…
 
 公公在家追剧所以妳溜出来淋嘎哔…
 
 
 
 #妳不尴尬尴尬的就是别人",1,2
有够塞,1,1
天天出来有，,1,1
"Q:上次买衣服是何时～
 
 A:好像2.3个月前，还是因为要出国所以治装一下
 
 Q:上次什麽时候买防弹相关物品
 
 A:刚刚...我的症状已经是每天不嗑一下国旻，没买相关物品就浑身不对劲🙃",2,2
好吧 就把推特当小日记好了 反正也没什麽人在看ouo,1,1
收盘价最后的反弹、下探或是持平这真的是赌运气的,1,1
发现锁帐如何开音间的小bug😗,1,1
很可爱😳,2,1
"工厂的岗哨放着一块鸡排，是刚刚点餐外送的外籍移工留下来给保全大哥的
 
 “平常你照顾我们的多，鸡排我请你吃的！”
 
 瞬间我明白了一件事情
 
 「原来不是台湾人有人情味，而是“台湾”让人产生了人情味。」
 
 
 
 人与人间的人情味连结，仅需要一片恶魔鸡排。 @ 恶魔鸡排-东海创始店",2,1
嗨，怎麽了美女,2,1
牙膏一直都那麽贵吗🥵,1,2
"开80活到40
 
 开40活到80",1,1
"🌸金圣圭迷你四专代购🌸
 
 
 
 有想要买专辑ㄉ可以看看这！
 
 这次的表单会开比较长～～
 
 会开到四月底五月初
 
 有想买的可以先帮我填表单(⁎⁍̴̛ᴗ⁍̴̛⁎)❤️
 
 之后我会再传汇款资讯给你们！
 
 所以不用急着汇款！先填单就可以啦！
 
 
 
 一张380💰💰（已含国际运费）
 
 有送特典！还有全新专辑",3,1
哇呜 还没有朋友会跟我聊到这些欸,2,1
"所以我要买这个网子加盖
 
 她会后空翻要来看吗😖",1,2
好美的步道👍🏼,3,1
"真的至少两个
 
 涨了卖一个回本
 
 剩下的看要长期参与社群或买卖都行",1,1
做自己喜欢的事乐快活，分享是散拨快乐幸福的事，酸客们都是自爆个人的悲艾换取自己的生存价直而以,2,2
在吗,1,1
松一下脚气 😌😌😌👍🏻✨ @ 不老松足汤高雄爱河馆,2,1
"12:21
 
 末班蓝线中
 
 
 
 谁可以抱我
 
 我感觉我的情绪快溃堤了",1,3
你hold不住,1,2
别的方式呢😞？,1,2
#高雄 #錶带家 #大东捷运站 #錶带 #代用錶带专卖店 #代用錶带 #露天拍卖 #雅虎拍卖 #虾皮 #到店更换实拍 #每日一po #高雄苹果錶带专卖店 #苹果表带 #劳力士錶带 #applewatch #rolexdatejust #kaohsiung #taiwan @ 錶带家国际商行,1,1
离开天龙国要办签證吗?,1,1
我来帮你夹~,2,1
趴好了🐶嗷呜,2,1
会怕啊但是姿势正确就没事🤣,2,1
以为我要握手吗？,1,1
半夜的我就是一个感情爆棚ㄉ人,1,1
有可以约的嘛？,1,1
我以为你要说我在家乐福厕所拍照,1,1
所以睡着了？！,1,1
哪个白癡学校的系学会啊 好好笑 我一定弄他个人仰马翻,2,2
吃个早餐，休息一下再出发 @ 南澳车站,1,1
让全球一亿人拥有数字资产,1,1
"洗完澡
 
 吃完饭
 
 放完风
 
 你累歪了
 
 把拔我才正要吃饭耶
 
 
 
 #到底是谁累
 
 #shibainu_chocolate
 
 #赤柴チョコレ @ R-House",1,2
有点不合时宜，但看起来有点好吃😵‍💫😵‍💫,2,1
生日快乐欸,2,1
初访 点了看板上的No1 八宝牛奶冰 红豆、花生、大红豆、QQ圆等八种配料 可能我运气不好 QQ圆咬下里面都是硬的没煮熟可惜了 之后有来再点别的吃看看🥲 #台一牛奶大王 #台一牛乳大王 #台一牛奶冰 #八宝牛奶冰 #八宝牛奶冰🍧 @ 臺一牛奶大王,1,2
再不同，也许是我们的世界已经不同。 @ New Taipei City,1,2
"模糊搜索手机号这个需求其实用途还是蛮广泛的
 
 例如ab测试根据手机尾号取模筛选出灰度用户，抽奖公示时要打码显示手机尾数，还有一些奇葩需求例如根据手机号归属地筛选用户，或者遭遇灰产攻击，根据Email前缀批量封禁等等",1,1
自己会是哪种颜色的天空呢,1,1
感谢检警！,2,1
多恋爱 我就问😂😂,2,1
"刚刚发佈了 1 张相片 @ Taichung, Taiwan",1,1
"有的可能是排卵期的血
 
 找时间看看医生吧",1,1
抢个头香~,2,1
"东南科技大学表演艺术系春季公演「Last Christmas」舞蹈音乐剧场，於一月七日至九日共四场，春季公演集结表演艺术系一至三年级学生的创作能量，在东南科大展演厅上演。
 
 
 
 #东南科技大学 #东南科大 #表演艺术系 #春季公演 #Last Christmas #舞蹈音乐剧 #深坑区 #北深路三段",1,1
刚刚发佈了 1 张相片 @ 美丽华百乐园,1,1
这麽说,1,1
假的，我也遇过......,1,2
没有啊！,1,1
等等来看康瑟琪的recording behind 🥰,2,1
补充，很适合又充满幻想的地方,2,1
早下课再说吧😂,2,1
我最可怜vi都约不到🥲🥲,1,3
"不知道算不算低传真音乐
 
 好疗癒的音乐，发现的太晚了&gt;&lt;",2,2
"现在视讯一起高潮
 
 脸照我给赖",2,1
尼也喜欢喔！,3,1
这麽用功的吗🤣,2,1
"诚徵！
 
 工作内容：蝴蝶装饰品包装人员（有教学）
 
 工作地点：在家做无需费用 全台可送货
 
 工资：月收可达30000至50000 多劳多得
 
 条件：可帮你邮寄到家近的话可自行载送可长期配合可兼职
 
 福利：三节礼金生日礼金业绩奖金
 
 材料免费发货到家
 
 适合上班族家庭主妇孕妇学生待业者
 
 领薪方式：银行转账 薪资袋",2,1
知识的殿堂与恐怖的论文写作 场所: 国北教大图书馆,1,2
不是喔,1,1
真的超级大,1,1
"心电图检查
 
 
 
 缺点：吸盘吸力很强，我有点敏感🥵
 
 优点：躺着检查，累到差点睡着🥹",2,2
小孩子才做选择🤣🤣,2,1
谢谢你,2,1
希望每天都可以抱睡😮‍💨,2,1
我想要有人可以陪我，无论何时何地...,1,1
说的好👍,3,1
看来梦遗是需要看体质的,1,1
十年就这样过了⋯⋯ @ Teatro JE,1,1
占领一定要登陆战建立滩头堡还有空降部队，沿岸打击能力跟防空网很重要,1,1
刚刚发佈了 1 张相片 @ 兰屿,1,1
来自一个考上东艺大结果大一就辍学搞音乐的成功人士（）,2,1
"这天气热死了🥵
 
 超多人的啦！",1,2
"说好的龙虾友聚会，就有人偏偏要点牛排！ 
 
 A casual American style steak house. Only two options provided: Ribeye or Lobster. Good stuff.
 
 #米其林餐盘 #牛排 #龙虾 @ Le Blanc",1,2
"娜美黑化了？
 
 （电视观看海贼王中⋯⋯）",1,1
是齁😂,2,1
很讚,2,1
"回到台中没车真的很不便！
 
 2022年开始就新车报到。
 
 #交车大吉 @ 柳阳河畔",1,2
感谢 真的是想像无限美好❤️,3,1
你们又没有因为武器偏大而很难找到女生愿意接受的难题啊😢,1,2
"我在台湾交易市场最多的 MAX 交易所买卖虚拟货币。一起加入购买你第一个虚拟货币吧！
 
 
 
 点我註册:",2,1
这我可以,1,1
Haha就说你是最强的!,2,1
我也无法🤣,2,1
很厉害,2,1
我离开了😆,2,1
今天终於可以抱着睡觉ㄌ🥺,2,1
想跟长鸿妈妈许愿🥺出台版,1,1
小和尚。,1,1
"我第一次初挑战三段都达成失败了
 
 第二次我都考上合格了 @ X50 Music Game Station",2,1
"人生有趣的就是
 
 坐看别人演的戏
 
 
 
 #随m笔 #图文不符😂 
 
 #整个城市都是五月摄影棚📸 
 
 #五月玩转苗栗 @ 天空之城",2,1
Yalu’s应该也要毕业了….吧(忘记你是不是跟我同年了XD,2,1
日台交流协会只开放到今天，应该是已结束了,1,1
没事 我刚下班也饿了🫠,1,2
单男可吗,1,1
好久没吃过了,1,1
没有要指教只是建议而已，如果他真的打妳了，妳就开验伤證明申请保护令这样名正言顺，也让他家人知道他是什麽样的人，他都没有为妳着想了何必为他着想！😡😡😡,1,4
我喜欢幹你屁眼,2,1
但是她上一部那个找空档的剧本就提不起劲,1,2
準备要加入英文读书会了 (⁎⁍̴̛ᴗ⁍̴̛⁎),2,1
7/14 情人节必听,2,1
"#农曆新年 
 
 #大年初三 
 
 #稳定飞行模式 
 
 #春天的市集 
 
 #马亚塔罗工作坊 
 
 #塔罗牌占卜 
 
 #欢迎光临 @ Stable Fly 稳定飞行模式",1,1
帅哥,2,1
拿白鲳抵消费了吗😂😂😂,2,1
"最近怎麽清一色都是诈骗 外送茶在那边洗讚？
 
 我以为我变夯了（并没有）
 
 他们以为这样就会有人上当吗…
 
 还是其实有人会被骗
 
 
 
 #低智商超乎想像",1,3
好美啊😍😍😍,4,1
求单男介绍❤️,2,1
看起来很好吃👍Delicious dinner 😋,3,1
对方有出现在留言里，可以去跟他洽询🤣,2,1
Tinder download了吗哈哈哈,2,1
来来来，来打球！！！！！,2,1
为什麽,1,1
「义云高大师日」（南无第三世多杰羌佛）系列报导,1,1
不对，老外被我幹的可开了,1,2
可爱,2,1
闻起来,1,1
"我开音间有人会想进来吗？
 
 但我是那种要别人找话题的人🥲
 
 因为我不太会找话题会变得尬🫠",1,2
实在是很不像,1,1
交到女朋友...,1,1
"你的忧鬱与他人并无二致，你的悲伤也不独特
 
 停止顾影自怜和自怨自艾
 
 出门买小熊饼乾喝牛奶",2,2
牌咖＋1,1,1
"我是热茶跟咖啡交叉喝
 
 超级老人",1,1
哈哈哈哈哈 阿完她确定她不爱薄巧吗,2,1
"无法理解的世界____半日遊（？
 
 
 
 #2022动漫展 #台日友好 #coser @ 世贸1馆",1,1
哇喔～～粉丝还有体力踩油门吗,2,1
圈圈，生日快乐🎂,3,1
刚刚发佈了 1 张相片 @ Shanhua,1,1
"我吃药是有副作用的
 
 我忧鬱症也不是我愿意的啊
 
 还抛弃我 唉🙂",1,3
"久久去一次IKEA赫然发现
 
 现在厨房不流行装烘碗机了吗？
 
 好像没有一个样品厨房是有烘碗机的
 
 三机贩卖区好像也没在卖烘碗机了",1,1
没错，一条是同学送我的😘，一条是妈咪送我的😘，戴着代表他们两个跟我正在约会中🥰,3,1
"我的医生感觉是超级效率派，他跟我说来我们今天拔这边一颗，五天后我们拔另一边两颗～
 
 我：？？？！！！",2,1
为什麽没有找我,1,1
很舒服的时段,2,1
我❤️娜娜,2,1
"他昨天很完美的註释
 
 如何直接‘仆街’给我看了
 
 那一瞬间我不知道
 
 他是不是装柔弱⋯⋯",1,1
这种事要说到做到的嘛,1,1
"确定
 
 我不嘴的喔",1,1
人民是铜墙铁壁！又是韭菜！死个几千万只要不影响到自己利益！对党来说无伤大雅！,1,4
兔年红包袋上面印兔子太合理了 毕竟15的种族是兔子,1,1
好好保重身体,2,1
"2022/01/03 📝 过了一个新年，楼下烧饼店的烧饼油条从40元涨到59元、烧饼油条夹蛋变79元。
 
 
 
 直接涨1.5倍是超前佈署喔… 79元是在卖便当了吧 💸",1,2
"😍
 
 但现在搬家进度 5/100 、、、",2,2
"最近打算签世界的会籍
 
 要转让或是业务都欢迎私讯我喔～",2,1
"美美哒☺️
 
 -
 
 photography： 
 
 #kaohsiung #culturalcenter #photography #20220316 #春季 @ 苓雅区",3,1
"有感而发
 
 
 
 分析师当时跟我说我有一个树洞的通道，加上4爻的特质，会让大家都想要跟我分享事情
 
 
 
 这件事在近半年真的非常有感，总是会有人突然来找我分享他们最近生活遇到到困难，所以我很容易就会知道朋友们的感情状况
 
 
 
 在最近一个月里，每週平均会有2-3个朋友的会谈，然后目前还有2个人在排队等候中…",1,1
没有不ㄔ 应该是肠胃还没休息好 ㄅ（？,1,2
没那麽久啦！,1,1
然后没人确诊,1,1
就这样看着我！！ @ 河南路青海路口,2,1
欢迎啊！交朋友跟结婚没关係,2,1
"我告诉我自己：等我财富自由的那天，我锅贴就一次点10颗，没有在跟你8颗的，绝不！！
 
 #八方云集 @ 八方云集东门店",2,1
请问要怎样才能约妳呢？,1,1
"而且最近打
 
 很容易配到电脑
 
 不然就是队友像电脑🥲",1,2
10分吗,1,1
总觉得明天不是很想去参加活动啊,1,2
还好海风很舒服,2,1
【杂谈与APEX】下周半週年周计画杂谈！聊完深夜APEX欸黑！【夏伊拉Shyla】#apex #apexlegends,2,1
可爱哭😭,3,1
我到底看了啥鬼！ （1/2）,1,2
对不起🤥,1,2
树树喜欢的话便宜一点给你,2,1
高雄 高美泌尿科 三剂 一次付清17500 这个月终於打完第三剂了,1,1
妳主人的爱真特别😂😂,2,1
"月之美术馆
 
 #盐水王爷巷 @ 月之美术馆 YueJin Art Museum",1,1
"陈：欸不是，怎突然要我拿出实證？
 
 『几分證据说几分话』不是我当初入党的理由啊！！",1,2
陪我通宵吗😂😂,2,1
又在乱讲,1,2
"仔细一看成分表，小麦、燕麦、火龙果、血橙、柑橘，很明显能感受到酿酒师想把血橙这个概念更具体化的企图心，透过用小麦燕麦来增加混浊感，火龙果上色，柑橘来提味，其实整体表现还算不错，算是有感受到诚意与实力的作品。
 
 出厂日期22/07/08",2,1
要大叔帮妳吗？在那,1,1
有人给我玩控射吗？,1,1
感谢重要的资讯，我本来因为椰奶要放弃的😅,2,2
若在性别平等上她更开放一点就好了,1,2
我有二个,1,1
这幅画让我觉得很宁静很舒服...,2,1
不会让妳有睡觉的机会,1,1
乾哈哈哈谁说的啦 妳不管怎样都很漂亮很有气质啦～,3,1
好想吃肉！！！！！！,2,1
"他想出轨跟女方优不优秀没关係 
 
 即便女方是仙女 
 
 他也会惦记别的母猪 
 
 因为他没上过",1,4
"这是妳姐吧？！
 
 
 
 保养的也太好，
 
 难怪女儿也漂亮。",3,1
没事拍拍 👋🏻👋🏻,2,1
工作小心点,1,1
记教继前，小事飞月。,1,1
遭糕，被主人发现了😱,1,3
早就一直是独立状态了唷抱歉,1,2
"我会这样说
 
 这在贵妇百货要消费二十七万
 
 点数就可以换到这会员礼",1,1
你没回我,1,1
"昨晚才回家，现在就想念玉山了。
 
 
 
 那优美、多变的山径，特别是针叶铺成软软的迎宾地毯，还有小桥让我们感念築路的辛劳。更不用说远处有柔柔云海壮阔汹湧、层层山势跌宕绵延的壮美，以及近处鸟鸣悦耳，跟金翼白眉可爱的身形、步态、羽毛色泽，都让人捨不得离去。
 
 
 
 留言给一些影片连结",4,1
刚刚发佈了 1 张相片 @ 碧潭,1,1
不会吧，刚看到,1,1
刚刚发佈了 1 张相片 @ 瑞丰国小,1,1
"飙股密码 财富有道
 
 台股集训营资深名师亲自授课
 
 资深导师刘瑞贤课程优势：
 
 1.知晓投资者的心理就可以研判到后期的走势
 
 2.量价时空四大元素研判价差是几乎所有投资者获取利润的必备技能
 
 3.本金安全的情况下实现收益的理论是所有投资者都需要掌握的思维和技巧
 
 刘瑞贤老师Line:ff1342b",2,1
"偷跑或玩盗版本来就不合规定的
 
 为什麽拿这种不对的事来谴责店家準时开卖",1,3
我也不知道🤷‍♂️就跟你一样吧 你越是不爱我 我越是爱你😂,2,2
484还没睡醒阿www,2,1
太神啦～～,3,1
我有跟别人买一期过刊当纪念，大概20元,1,1
台湾❤️,2,1
接纳我 不然就离开（恶人）,1,2
这麽早？,1,1
喝点温热的暖暖身,2,1
妳好呀！,2,1
吃午餐🍲🍵😍💕 @ 天利食堂 员林万年店,3,1
"对呀
 
 来一阵子了",1,1
"泰岗野溪温泉
 
 骑车、登山、攀岩、渡溪、泡温泉，所有愿望一次满足😆😆😆但不好意思本鲁没有勇气游泳🥶 @ 泰岗野溪温泉",3,2
喜欢ck三角的😊,2,1
"刚刚拿完 SIM 卡才发现…
 
 等我到了，素食店就打烊了呀！😵 场所: 台北转运站",1,2
"一年之计在於春
 
 今年的计画就是
 
 远离白痴
 
 改变商模
 
 即刻转型
 
 唾弃脸书
 
 拥抱推特",2,2
"日常工作,烦恼中 @ COFFEE LOVER's PLANET",1,2
"满天星斗✨
 
 偶尔安排时间出门走走
 
 放松身心 @ 武陵农场-雪霸国家公园",2,1
白天找海边晚上应该是公园,1,1
晚安宫城,2,1
这是什麽椅子,1,1
"跟Dom属性学长的刀
 
 好帅🤤🤤",3,1
"趁人潮少先到老街晃一圈顺便觅食，看到满满的捕梦网
 
 我的最爱，不想离开~~~ @ 桥南老街",3,1
全台最险恶的政治人物,1,3
"看来 ~ 老闆 就是不想给 年终就是了 ~
 
 
 
 惯老闆 ~ 不必客气 ~ 给他 吉 ~ 就对啦",2,1
这天气还去裸哦 好猛,1,1
在这,1,1
疯狂 但我喜欢,3,1
正直不动产大获好评讨论度很高喔！,2,1
窝有抓到🤤❤️‍🔥❤️‍🔥❤️‍🔥真香～🥹💖,4,1
我也想开我的🥲,1,2
"优质借贷场所，合法、安全、保密，借款免留车，便利感十足👍
 
 #嘉义汽车借款 #嘉义机车借款 #嘉义免留车",3,1
"#男友的排PCR纪录
 
 
 
 1. 一堆没做快筛就来PCR的，大概每五个就有一个被请出去
 
 
 
 2. 有一个阿嬷排到昏倒被送到隔壁急诊，听起来是被家人带来排队，没打疫苗
 
 
 
 天气很热，医护人员辛苦了",2,2
还好我今天不用去东门上班,2,1
哇呜～,2,1
"今天一早就在打喷嚏
 
 原来是台中空气",1,2
就这样没见到面又回去了QQ,1,2
表贴就是要搞怪啦🙈,2,1
咪真的喜欢上瓦了🤧,2,1
"习➡️杜：「怎麽都把我们的谈话洩露给媒体了，这不合适」
 
 犹如：",1,1
有钱真好,2,1
"今天又忘记吃银杏了
 
 如果记得的话好像也不用吃了(￣∇￣)",2,2
"废：
 
 每次看到有人问 #霹雳布袋戏 要从那里入坑，就觉得很莫名。
 
 你去餐厅吃饭，不就是先从自己喜欢的类型菜挑起吗？
 
 那看到剧情片段不错，角色也对眼就直接入坑了，到底有什麽疑问🤔️",1,1
头号粉丝在这里😍,3,1
再好的东西，猫不赏脸都是过往云烟！,1,1
欢迎大家一起来收听😄,2,1
"这是一份自己都不知道要用什麽当动力才能一直坚持下去的工作。
 
 千言万语也只能化为对妳们说一句辛苦了。",2,2
后面Aiki衝去找蜂蜜姐太好笑,2,1
不知道初速多少的弹丸鸟？,1,1
让我来帮你扶,1,1
想报名 哈哈,2,1
眼睛会吸人😍😍,3,1
你来损我的==,1,2
"*买鸡蛋糕中*
 
 老闆：「你有没有看过企鹅跳舞？」
 
 我：「？？？……没有」
 
 老闆：（拿出手机给我看马达加斯加的企鹅跳舞的影片）
 
 老闆：「超可爱的，看得我心情都美丽了」",3,1
这电脑也太劝败😍,3,1
"BCBF大云佛基金会筹备会得到国税局
 
 通过使用",1,1
因为年轻有工作能力，所以社工很难帮忙,1,1
好想吃吃喔,2,1
我经常羡慕别人的幸褔，却忘了自己拥有着自由的快乐 @ 疯癫 ‧ 梦境 ‧ 神曲-天才达利展,2,1
我们离开了,1,1
她把你的回覆隐藏了 真的很雷吗？,1,2
好像很热闹欸🤩,3,1
在！ #GetOutThere,2,1
品味与元宇宙的结合！SOLEX 手錶社群举办「首次」线下活动，这支錶也太稀有…,2,1
好害羞😊,2,1
可以ㄉ话是希望不要啦😵‍💫,1,2
筋骨很软Q,2,1
半夜在这边研究推特要怎麽用,1,1
"有一天一个男生去饮料店买饮料
 
 
 
 他买了231元的东西
 
 
 
 然后给了男店员2000元
 
 
 
 男店员：找您1769
 
 
 
 我：好…😳",1,1
好的，谢谢☺️,2,1
现在的很多产品都是保固期=寿命,1,1
好想去看灯会又怕疫情,1,2
希望今年能正常出国旅遊～,2,1
我也很爱分享美食～可以多多交流！,3,1
我要报名～～,2,1
你说呢🤣,2,1
"想买
 
 但是要运送到台湾感觉很难",2,2
开除湿机其实也蛮快的,1,1
"li
 
 加了
 
 妳还没确认喔🤣🤣",2,1
"冰乡必吃清单之一解锁🔓
 
 不过冬天在外面吃冰是一大挑战🥶
 
 看在草莓炼乳冰又甜又新鲜就值了🍓 @ 冰乡",2,2
我喜欢那个［南半球］。,2,1
很需要照顾的样子，怕你发生什麽事可能要常常通知或提醒你一下，因为七璃感觉很专情，又常常犯蠢，担心一不注意就出事了,1,2
明天不带手机，认真跑一趴🤣🤣🤣,2,1
台湾什麽都好，就是坏在这一群红白蓝老鼠屎上，不懂得珍惜民主自由的亲中和统派台湾人，请你搬去中国，台湾这块土地，不需要你们。,2,5
豪喜欢西撒ㄛ(一早发厨,2,1
这种现在愈来愈多,1,1
我也很喜欢😂,3,1
哇，好想亲临现场,2,1
南下列车 @ 台湾高铁新竹站 THSR Hsinchu Station,1,1
"感谢鱼姐带吃喝🥰
 
 可惜这家八月底就要收了😭
 
 话说台南习俗
 
 是先运动爆汗再享用美食吗？🧐 @ Oppadak 欧巴答韩式炸鸡",3,3
"气球 🎈🎈
 
 飘进爱里 ，
 
 飘进心里 ，
 
 慢慢死去 。
 
 （其实是我的身体🤣）
 
 .
 
 .
 
 .
 
 #likeaballon #theregenthotel
 
 #hotelstay #asianguy #cute #muscle #hot #sexy #undie #cin2 #potd @ Regent Taipei 晶华酒店",2,2
我要给你满满的爱💜💜💜💜,4,1
APEX超好玩,3,1
"逼逼 极度危险的发言
 
 不可以喔！！",1,3
"酒酱丰食品在LINE官方帐号登场囉！
 
 我们将会提供许多好康资讯给大家，
 
 
 
 请利用下方连结，将我们的帐号加入好友来接收优惠资讯：",2,1
索尼迪法广告事业股份有限公司 &lt;service.com.tw&gt;,1,1
摄影师太强啦可以捕捉到这画面QAQ,3,1
陆配就是台湾人喔。所有的新住民，不管你长自哪个国家，来到台湾，认同台湾，我们都欢迎,2,1
可爱的,2,1
幹嘛打码？辛尤里自拍就没在打码了！😆,2,2
今天早上美国外交团来故宫参观•ࡇ•,1,1
泰丰公园现约,1,1
刚刚发佈了 1 张相片 @ Lanner Electronics,1,1
怎麽坏我听听看 💁🏻‍♂️,1,1
在衣服毁灭前拍照留档一下这样🤔,1,1
下次给你看本体,1,1
"新公园解锁！
 
 恐龙🦖公园不错玩！ @ 新龙公园",2,1
可爱,2,1
喜欢呀，很紧的样子,2,1
桃园有喜欢吹插插睡的妹子吗？,2,1
"（脑内想像）
 
 爱与勇气，希望！！！（下一秒死亡）",3,2
有镀膜真的好洗很多 几乎只有油箱需要特别用海绵去抹,2,1
RT 在ig看到同学也转发这张色纸，而且有拍到垃圾桶外面，我现在好想知道她是不是也找到垃圾桶本体还是也有别人发了这张色纸然后她转发🥰好想知道会被烧死❤️‍🔥❤️‍🔥,2,2
怎麽约呀？,1,1
嗨，想参加,2,1
来吧，随时準备好让你消肿的秘方,2,1
"一大早打完晨砲再去上班好像挺不错的欸🤤
 
 分享一下你们的经验交流交流吧",3,1
#合肥约炮 #合肥学生 合肥都没有人约吗,1,1
"上班补梦网
 
 蓝白分隔 @ 特力屋-花莲店",1,1
👋可以啊 中午一起吃。简单吃个拉麵之类的,2,1
"世界通史老师：海军…真的好强
 
 ：？",2,1
好性感,2,1
谢谢 希望有机会再为您服务🥰,3,1
"新年新希望
 
 1.希望三妹刮鬍子
 
 2.希望三妹处理一下头髮
 
 🙂🙂🙂",2,2
不用在加个粗吗？,1,1
"没抢到大港票没关係！运动比较重要，$2500可以拿去花在其他地方啊！免费舞台就很好玩了，强迫自己认识其他乐团的好机会。昨天在万福庵旁边看到这台超好看的档车，完美的颜色搭配！
 
 #exercise
 
 #runforhealth
 
 #5kilometer
 
 #nomusicnolife
 
 #murmer
 
 #motorcycle @ 归仁。",3,1
"#下班第一推 
 
 
 
 乾朋友去医院照顾阿嬷结果确诊
 
 
 
 然后他开心的说可以连休到月底（？
 
 
 
 好啦你开心就好",2,2
"刚刚发佈了 1 张相片 @ Tainan, Taiwan",1,1
有变大吗,1,1
好！有机会,2,1
"绝对不要自己一个人吃麦当劳
 
 妈的有个孤单的",1,3
大家误会她了 26名的名次不怎麽好 有失台湾的名声 所以她只敢穿CN的衣服了,1,3
怎麽约呢？,1,1
还是狠美,2,1
"文：#猫一先生 。 
 
  #猫一先生。#猫一文馆。 
 
  #手写。#语录。 #新诗。
 
 #文字。#心情。#爱情。
 
  #likeforlike。#followforfollowback 。 #friends 。#food 。#photographer 。#love。#instagood。 #photooftheday。#fashion。#beautiful。 #happy 。 @ 屏东县恒春镇立图书馆",1,1
我可以吗？,1,1
癢癢不自觉就会摸两下🤣,2,1
你确定！,1,1
其实还是要看人 有人可以接受 有的人无法 接受的 通常都会很快就到达,1,1
睡鲨愚身上好像很不错🤓,2,1
"今天好累
 
 有人想一起泡个澡喝两杯吗？",2,2
应该是象徵性意义,1,1
齁呦😭😭😭😭😭😭😭😭😭😭😭😭,1,3
重温旧梦 @ 羊毛与花 ‧ 永康 youmoutoohana Coffee,1,1
好危险😱💔,1,3
"前几天的超级月亮，
 
 可惜我这边有云挡住QQ @ 高雄科技大学建工校区",1,2
刚刚发佈了 1 张相片 @ 宜兰民宿-兰阳四季会馆,1,1
"早安！
 
 Good morning！
 
 안녕…
 
 
 
 #我就当你死了
 
 #这是mv不是我在骂人
 
 #뮤비촬영현장 @ 不厌亭",2,3
"❤️美好的一天❤️
 
 跟亲爱的约会🛍
 
 总是有聊不完的话题👭🏻
 
 真是 #心有灵犀一点通 👏🏻 👏🏻
 
 吃美食🍹买喜欢的东西👜📿
 
 💁🏻‍♀️期待下次再约唷🥰呵呵🎈
 
 #开开心心过每一天
 
 #欢乐时光总是过特别快 @ B&amp;G 德国农莊複合式餐茶馆【板桥大远百】",4,1
北半球可以顺便吗,1,1
好讚 安眠文,2,1
"&gt;&lt;
 
 我的攻受属性结果是： 受: 55.00%, 攻: 45.00%, 快来看看你会把我推倒，还是被我壁咚？",1,1
希望那个醜废文散步者 确诊 不要好起来😊,1,3
哇呜…,1,1
"我承认我靦腆
 
 粗屌的部分就…🤔",1,1
我来～,2,1
"希望有🤣🤣
 
 不过我的泳裤不是三角的
 
 （（和我爸妈出去不敢穿的太誇张
 
 owo另外一个原因是因为我没有🤣",3,1
"【 南怀瑾做人《六字诀》 】
 
  一、“静”：少说话，多倾听。
 
  二、“缓”：稳着做事，不急不躁。
 
  三、“忍”：面对不公，别气愤，别宣洩，忍让是智慧。
 
  四、“让”：退一步，海阔天空。
 
  五、“淡”：一切都看淡些，很多事情随着时间会变成云烟。
 
  六、“平”：是平凡，是平淡，是平衡。",1,1
然后我是不是打扰到大家的解密潮惹www,1,2
"Day 10
 
 
 
 第 10 天
 
 
 
 脚前的灯
 
 
 
 Your word is a lamp to my feet and a light for my path.
 
 
 
 ( Psalms 119 : 105 )
 
 
 
 你的话是我脚前的灯，是我路上的光。
 
 
 
 （ 诗篇119篇105节 ）
 
 
 
 Gospel Vessel",1,1
可以直接穿内裤🫣,2,1
到大肚,1,1
刚刚发佈了 1 张相片 @ 高雄正港小剧场 Kaohsiung Experimental Theatre,1,1
不要出事啊啊啊啊我想去毕旅,2,2
“我还记得 拥抱的炙热 你是如何笑着 “,2,1
无聊来吃吃😆😆😆 @ 嗜烧肉 Shi Yakiniku,3,1
宫古海峡属外海水域，也属中国管辖，必须收回,1,1
刚刚发佈了 1 张相片 @ 水喽喽ㄟ厝,1,1
终於找到有人跟我一样不懂！！！,2,2
天啊 好爱,3,1
网路上本来就充满了很多奇奇奇怪怪的人囉,1,1
高雄市是个好城市一直在这里生活!每天都在进步。,3,1
台中有推荐的咖啡厅吗🤩🥺,3,1
感觉很专业,2,1
会来也可以啊！,2,1
"刚刚发佈了 1 张相片 @ Taipei, Taiwan",1,1
"麻痹的人生
 
 习惯每个月都把钱花光
 
 ಥ_ಥ",1,3
没遇到特别的😂,2,1
承开头的引言，我也很幸运的遇到不少好书。无论是在阅读的当下，或是忆起其中的段落时，总是会在心里独自微笑着。,3,1
这样我报告会没办法专心写,1,2
刚刚发佈了 1 张相片 @ 大社三角窗肉圆鹹汤圆,1,1
请问您是住在哪里呢？臺湾？或是其他国家呢？,1,1
来找我爱爱,2,1
我们都爱嗯嗯,2,1
刚刚发佈了 1 张相片 @ 台东鹿野,1,1
一起吗,1,1
"本来想开自己玩笑说，比起被人姦杀，可能我被人寻仇的机率还比较高。
 
 结果仔细一想到自己差一点发生什麽，突然觉得有些自损用的笑话还是不要讲好了。",2,2
快来看看Mukesh Kumar的影片！#TikTok,2,1
"因为我都在烤肉！
 
 没有拍任何食物，
 
 所以我要来当贴文小偷喔耶！
 
 - - -
 
 #烤肉达人4我🫠
 
 #从今以后请尊称我珞师傅
 
 - - -
 
 #珞的2022圣诞台中行",2,1
异色版娜塔亚,1,1
"高雄住一晚 
 
 
 
 有点无聊⋯",1,2
"人呢~~只有活这才有希望，当我深夜里，总是在想怎麽死才不会痛，如果我死了小孩怎麽办？负债怎麽办....等等之类~~
 
 
 
 所以只能发负黑文噁烂毒死你们的眼在去发呆睡觉",1,5
这次真的颇晃啊…,1,1
早上晚上都可以😏重点是要有人跟我做爱🤣🤣,3,1
"书又无性生殖了，最近增生了三本书，只好增加自己的唸书时间，那就先从这本开始吧！
 
 有兴趣一起读的，购买传送门在这：",2,1
"原来是已经退休的有钱人，睡过头赶路感觉还好啊 🥺
 
 
 
 把拔（拉衣角",2,2
可以听Vodka回击🌝,2,1
"虽然连续八年上了红白
 
 但是日本唱片大赏优秀作品落选了
 
 晚辈们要加油了
 
 学姊们可是连续入选
 
 而且曾经最佳唱片大奖二连霸，还差点三连霸⋯⋯",2,1
我也有缺点的，就是缺点妳的爱，妳能接受吗？ 🙏,2,1
"同事确诊 打给老闆
 
 老闆第一个反应：阿还可以上班吗？
 
 （不可思议）（我们是服务业ㄟ闆）",1,2
刚刚发佈了 1 张相片 @ 大股熟成烧肉专门,1,1
马德的忠实客人,1,1
来摸（欸🥴,1,1
威力彩上看12.5亿 民俗专家：快找这生肖合资买彩券,1,1
既然柯粉那麽讨厌绿营的一切 那麽他们执政提出所有利民的政策柯粉可不可以不要用啊？,1,3
那就长吧😝,2,1
"我的耳朵出现声音了！
 
 ：타 버리고 파 너의 사랑은 so sunny yeah~",1,1
台湾也要稍微留意一下海啸....,1,1
˙ㄅㄕㄔ皮,1,1
我没吃过带我去😵‍💫,1,2
出关！,2,1
哈哈～无限循环♾️,2,1
可可爱爱😭❣️,3,1
"摊商谯：4224万纾困金罢免前「按奈」
 
 好强的国家机器救昶
 
 
 
 #罢免林昶佐
 
 #金色力量
 
 #合法性专区 
 
 #金色力量党入党捐款专线",2,1
"颗颗
 
 
 
 
 
 透过",2,1
瞳瞳生日快乐🎉🎉,3,1
回南部连躺在床上读个同人文都无法，因为不是自己睡。,1,2
"#想买FFIFA周边商品请来台中
 
 在一家水果摊看到 FFIFA 福尔摩沙国际电影节的指定咖啡！
 
 
 
 #FFIFA #咖啡 #影展指定咖啡 #89咖啡 #水果摊 @ Taichung, Taiwan",2,1
"这篇是她离开前的文了
 
 
 
 我也忘记有这篇文章🤪",2,1
战猫😁,2,1
来台中啊。我们一起玩耍🤭🤭🤭,3,1
"年初一穿新衣，差一点就151
 
 文琦觉得被霸凌
 
 #台南货柜公园 #大年初一 #🐯
 
 #tristaのlovelife #20220201tue @ 台南货柜公园",2,1
喜欢吗 喜欢还有,2,1
"#InviteAndEarn
 
 填写我的邀请代码JNCM4即可加入StarMaker共享现金，最高可以总共获得价值1000的礼物！",2,1
"这时间、这温度…….起床真TMD想死啊😞…..
 
 
 
 It is freaking torture!!!🥲",1,4
"I'm at 台湾桃园国际空港 - in 桃园县, 臺湾",1,1
穿起来！,2,1
这有什麽好转发的…,1,2
我决定下礼拜来整理一下贴文😒,1,2
吴长得像路上被车碾过风乾的蟾蜍。,1,4
怪不得人家说，人一蓝脑就残，什麽叫做人家的爸爸跑路中，他都假释出狱，还在这里放假消息，不过不奇怪啦，支那的小粉红也都是这副德性。,1,5
这样迷人会有爱爱心动感吗？,2,1
谢谢你的创作,2,1
黑洞的声音！好特别！,2,1
这个厉害👍不推不行😂,3,1
先转推 我晚点回,1,1
别气别气 🙂,2,1
"今天第一次和朋友约在soi13
 
 一开始一小时都找不到他
 
 因为我第一次所以先摸索一下
 
 半小时后 才发现有b2
 
 美好的一晚
 
 🤣🤣🤣🤣🤣",3,1
新战场 @ 潮境海洋公园,1,1
直接宣判的🤣🤣🤣🤣这张照片真的打趴一堆帅哥,3,1
你没开私讯喔,1,1
我喝过呗,1,1
"#週二吿解日 
 
 恭喜自己想开了一些不必要事情！与其想念放不下事情或认为会回心转意，还不如面对现实给予未来能让我幸福的人！
 
 所以在这边祝福你们，希望你能好好对待对方，毕竟对方这麽努力的爬上来也不容易，加油囉！😈",3,2
今天要去KTV唱歌，我好紧张🥹,2,2
有戴上去的机制🤪,2,1
太帅了吧！,3,1
我可以吗～～,2,1
我们刚刚的课也直接放弃点名下课了😂😅,2,2
真的有约炮这种事吗？🙄🙄🙄,1,2
没办法私讯你,1,1
一起的话，房间会塞不下🤭,2,1
人生第一次这种秒杀等级的演唱会当天才出手的，尾场也是我的第一场🙈🙈 @ 台北小巨蛋 Taipei Arena Mrt Station,2,1
"一开始还不知道是有奖徵答
 
 想说没算出来就算了
 
 结果后来才知道是
 
 下次真的要拼回来！！",2,1
"我的预言成功
 
 果然把髒比的图换成3D的
 
  风格",2,1
像这种要求我这辈子都没听过,1,2
"这首歌曲分享给你… Fantastic, That's You Louis Armstrong 的作品",2,1
Acabou de publicar uma foto em 台东南丰铁花栈 Inn by the Village,1,1
妳这前男友绝对不能留，虽然我想大部份男人都想当他的”朋友”😂,2,2
好强大的装备,2,1
厉害了，随便换🤤,3,1
对啊 台南真好逛..,2,1
谢谢单单买给我。,2,1
怎麽了,1,1
ㄘ药药💊,1,1
"刚才到的时后
 
 你正在穿衣服
 
 要离开了
 
 我都不敢叫你",1,2
脑中自动响起了，欧内该麻瘦,1,1
"可爱
 
 等摸摸卖萌❤️",3,1
找缘分啦,1,1
"见鬼！
 
 买锅，没有告知家人，大妹竟然传了用锅注意事项...
 
 太巧还是电脑被绑架了，",1,2
用过都说讚，我刚好也需要换80%热插拔,2,1
真的很帅，哈哈哈哈哈,3,1
"真的很久没这麽开心了
 
 新年快乐🎉 @ Soar Fitness 翱翔健身",3,1
所以要怎麽让人家喜欢，跪求教学～～～,2,1
销路很好,2,1
为什麽我的会靠右 推特欺负我 😭,1,2
"我们69 一小吧！切磋妳我嘴技。
 
 弄到想被幹一小了就直说 
 
 立马",2,1
去逛夜市,1,1
要去走 可以约一下吗🤔,1,1
晚餐时间到..... @ 成功牛排,1,1
"生活就是禅
 
 古代修行者，务农为生，襌修为主，因此有了“农禅”的观念。 @ 法鼓山农禅寺",1,1
一个时代记忆 的结束..,1,1
和台湾人结婚,1,1
我在17LIVE发现这个精彩直播，快和我一起看！#17LIVE #直播互动社交平台 #JoyIn17join17Kami咔米🐨💕 正在开播，快来看播喔！,2,1
笔战多年的经验，两种人最常言论一被批评就说别人侵犯他们的言论自由：深蓝，反同。,1,2
"好多鬼船我真的快笑死
 
 
 
 #DMDLANDCONCERT",3,1
"🪕台湾民俗与技艺的传承🪕
 
 新血注入，
 
 让传统文化能够延续，
 
 是值得欣慰的事👍
 
 
 
 #新年快乐 
 
 #台中元保宫
 
 #锦飞凤傀儡戏剧团 
 
 #传承价值 @ 元保宫",3,1
"没工作的时候焦虑找不到工作，
 
 投履历的时候焦虑没得面试；
 
 有面试的时候焦虑表现不好，
 
 面试完之后焦虑面试不会上；
 
 面试上了之后焦虑到底要不要去，
 
 决定要去之后原本要住朋友那边结果现在可能没办法住了，
 
 好啊，又要开始焦虑找不找得到房子了：）
 
 不过我到底去一个没去过的地方工作独居幹嘛啦🙃",1,4
没有啊,1,1
刚刚发佈了 1 张相片 @ 风稜石,1,1
没错💯,2,1
可以在旁当观众吗，哈哈,2,1
呵，兄弟我可是蛀牙大使，甜点我还好，攻击无效；还有那个巧克力火锅，也是无效攻击😎,3,1
永远ㄉ30😇,2,1
来点中东风情，好怀念西班牙格兰那达。 @ 垦丁亚曼达会馆,2,1
可恶错过早汪了啊啊啊啊（惨叫,1,3
然后就录取了,1,1
台北今天也放晴！大太阳🌞,2,1
📍Hunei @ 湖内区,1,1
我想当你的飞机杯,2,1
刚刚发佈了 1 张相片 @ Ruby X Hair Design,1,1
不要这样 不能只有我看到,1,2
看眼缘唷！,2,1
放心这是崩3的日常之后时间一到就有了,1,1
其实我没穿内裤,1,1
怎麽离职了??,1,1
我也好想委图给自己的主推看来只能明年了,1,1
"可爱 黏踢踢的～ 
 
 
 
 会在有人靠近时出拳～就是可爱～
 
 
 
 继续大腿坐好坐满😸",3,1
直接左转很难吗？赛爆路口有什麽好处？,1,2
悲报 自助餐餐卷不见了,1,2
等看复健科等到要睡着,1,2
恭祝广泽尊王圣寿,2,1
"校园是充满阳光学习的地方。
 
 也许教授没有接触过邪恶吧！
 
 任何的东西，放在不同的地方，与不同的人使用，使用的方式自然会不同。",2,1
想当邻居,1,1
休息 吃药 在家隔离,1,1
我也可以打麻将（认真,1,1
只要与你度过就很开心了☺️,3,1
"😔Unappreciated and still showed love.
 
 不被欣赏，仍然表现出爱。",2,2
想当初第一次看到这图就是霸鬼赤裸当场跟雪女露点,1,1
"睡生产线-&gt;「睡路边」-&gt;睡机场
 
 解了很多成就",2,1
"600块跟800块继续塞回红包袋里放回抽屉不打算拿出来用掉，不是要继续埋若干年后又突然发现的惊喜，而是想继续保存当年可能是为了什麽只是现在已经想不起来的一份情意。
 
 当然还有找到别的东西，那个就不分享了。
 
 重点是要找的文件真的找不到，完蛋了我最近一直发生找不到也想不起来东西放哪里的事😔",2,3
"关於我明天早上5.30要起床但是现在还躺在地上看梦华录这件事
 
 真的是狗改不了吃💩耶😶
 
 作息什麽时候会正常呢🥲",1,3
欧耶我诶诶诶诶诶诶由诶诶诶诶诶诶也有呕呕呕呕呕呕呕呕呕ㄡㄓˊㄨㄧ、但哦哦ㄨㄨㄨㄡˊㄨˊㄡㄝˊ,2,1
能否尽快更新国中小学Covid19应对SOP？按照目前各县市作法，估计到年底都不用去学校了。,1,2
大润发………………虾皮上也有,1,1
恭喜获麟儿，辛苦了,2,1
圆环,1,1
看不懂美国女孩的我大概是很早就放弃沟通也不相信谁会理解自己，不用叛逆不用吵架，因为没有用，想办法绕过去就对了。,1,3
全力推动苗栗火车头博物馆工程 见證台湾铁道发展史 | 中华民国内政部营建署全球资讯网,1,1
"花东85%选民都是国民党
 
 主人说的话 奴才都会欢呼",1,3
新年快乐,2,1
"这种老老老人真的可以早点走
 
 
 
 不送～",1,3
"是在说我漂酿吗(⁎⁍̴̛ᴗ⁍̴̛⁎)
 
 谢谢博骏🥰🥰🥰",4,1
我上一秒才刚约好🥲,1,2
打开推特滑过四张照片，一张迷因，三张对镜子拍照∠( ᐛ 」∠)＿,2,1
这个逻辑好好笑哈哈哈哈哈哈,3,2
迪宝哪有弃嫌大屌鲨！🥴,1,1
是喔 哈哈 很久没去了 去晃晃,2,1
毛毛腿万岁,2,1
"别人是家里的猫会后空翻
 
 我家则是有 AppleTV 还有 KTV 设备",1,1
没错🥰,3,1
松鼠超多的，有人坐下来休息就会有松鼠出没，还有薮鸟(黄色那只),1,1
水煎包好像也蛮搭的😂,2,1
哈哈，毫无压力,2,1
"四天三夜台南行很快要结束了
 
 这次走了很多路
 
 体验了在地日常
 
 海安路不管走几遍都依然有新的发现
 
 四草隧道的一抹绿 
 
 照入林荫闪耀的夕阳
 
 伴随着微微的风
 
 实在太幸运",3,1
之前隔壁邻居女儿也是有精神问题，会摔门大叫真的恼人,1,3
睡了吗 好想你,3,1
彼得语录 纪录一下🥺🥺,2,1
"出去玩的时候我都是排满行程那种，但是
 
 男友刚刚贴这个给我 
 
 
 
 是几个意思🤣🤣🤣
 
 
 
 [閒聊] 男生出去玩都这麽好满足吗?",2,1
"秋天季节🍂
 
 欢迎你的到来",2,1
OMG我现在才发现你有追踪我🥵,2,2
我可以帮妳挡所有的酒👍,2,1
"呃 确实是只有套滤镜啊
 
 怎麽了吗
 
 头髮不需要修瘦啊
 
 若有把脸修瘦 歪掉的会是头髮
 
 我只是做婚纱业15年而已
 
 这种技术评断还是可以讲的吧
 
 
 
 但你想刻意表达的是 造假
 
 但拿这张照片确实是你自己失策 傻瓜",1,4
草莓+软糖,1,1
"生日快乐！
 
 快乐鸟日子🎉🎉🎉🤣🤣🤣",4,1
这口气就像东南亚的中华胶啊！,1,2
才发完文，主人就出现了呢！,1,1
哈哈哈你被骗吗,2,1
"出发~~往花莲去@@@ @ Taipei, Taiwan",2,1
心坎里的话，好真实。,1,1
来画涩图#,2,1
这裙子好看,2,1
豪可爱哦哦哦哦哦,4,1
孕妇来海底捞还有伴手礼可以拿🥰 @ 海底捞火锅 HaidilaoTaiwan,3,1
"上次我买了一台热蜡机
 
 可是我完全不敢自己撕🫠 感觉会痛死",1,3
不知该从哪儿下口呢！,1,1
关渡宫后花园走春自拍 @ 关渡宫,1,1
最近很常洗完澡就睡着然后突然惊醒电灯没关,1,1
对！xddd,2,1
好可爱好可爱好可爱,4,1
健康网》强化男性精蟲！ 医激推4餐这样吃,2,1
真的，怎麽我们连猫都比不上了呢,1,2
会的😊,2,1
肇事逃逸但没车牌号码也找不到人😭,1,3
天空正蓝 @ 月眉人工湿地,1,1
讚👍,3,1
有空想我吗,1,1
刚刚发佈了 1 张相片 @ 万华运动公园,1,1
刚刚发佈了 1 张相片 @ 松菸文创创意园区,1,1
刚起床不想整理头髮,1,2
显卡在哪？？？？？,1,1
"料多味美价格又实惠🥰
 
 
 
 鸡块焿麵 NTD65
 
 如何去？
 
 台铁：七堵站(东新街出口) @ 七堵鸡块麵",3,1
三小哈哈哈哈哈两个在闹,2,1
我也好想见到你们😊,2,1
鸿门宴，没事找事啊我。,1,2
很可爱,3,1
我是羊 你见不到我 因为我正在去见你的路上。,1,1
推特还要遮吗😂,2,1
中国人就是这样！说话就说话，动不动就骂人！素质真的很差⋯⋯,1,4
刚刚发佈了 1 张相片 @ 树下lounge Bar,1,1
"20220917
 
 
 
 Outdoor training 
 
 户外训练
 
 
 
 #parkour #跑酷 
 
 #artdudéplacement 
 
 #移动艺术 @ 天母公园",1,1
哈哈下次还会去,2,1
需要帮忙吗.我是医院vip,2,1
"好有爱
 
 我也想这样做爱",2,1
林於贵 1975、02、08 第二剂AZ第三剂莫得纳 癫痫症轻度 J121314482. 桃园市龙潭区龙华路242巷37号,1,1
酷耶~~~出影片了！,3,1
好羡慕一号男生，射很多了之后，屌都不会极度敏感，尤其是还可以硬着，继续噜下去，不会太刺激不舒服，也不会很快软了，慾望发洩了，不会马上再想要了！好想被你口爆精，喷射全部每一滴精液进入我嘴裏，让我慢慢含在嘴裏面，品嚐享受，慢慢一点一滴吞吃下肚子里面变成我的ㄧ部分，成为你的人！,3,1
我看你多粗再跟你说,1,1
有够大只而且不错吃！应该是最好吃的东西,3,1
哇操…今天单男真性福，3位浪女💕,3,1
我已经把票投给他了，是朋友的话，也帮我给他增加一票吧！ #薑饼人王国中文配音大赛 #薑饼人王国 #中文配音 #Vtuber #QooApp,2,1
我才不是你无聊的时候才来跟我聊天的人,1,2
来来来,2,1
还别激我💩（开始翻书,1,2
刚刚发佈了 1 张相片 @ 水舍水中摄影器材,1,1
乳晕真好看,3,1
可以噢 没问题,2,1
随着时代推进，人类的历史不断重複，听从人的话语，还是听见神的旨意，可以活得更精采极致,2,1
"有人知道一些能呛人但表面上看不太出来ㄉ语录之类ㄉ吗
 
 想改唉居自介
 
 就类似呛婊......子那种
 
 #在线求急",1,3
看讯息一下,1,1
我们一起消灭澎湃的点心吧❤🤣,2,1
"超时空要塞F -恋离飞翼
 
 十年前的电影剧场版，现在进电影院看画面还是很威，好像看演唱会🤩🤩🤩",4,1
厉害果然女装不可能只有一次,2,1
坏坏的,2,1
整个车厢的手机都在响暴雨通知😂😂,2,1
"想听+1（后面排N个人
 
 为什麽不唱！！！！",3,2
怎麽怎麽 昨天骑 今天可以再来骑🥰 我更想被人骑🤪,3,1
欸 照我的了解 现实你应该不敢吧⋯,1,2
"k族小朋友受故宫廷遗毒也就是跟不上时代
 
 行事走步乱了套",1,2
昨天去soi13玩，把人幹射了，原来真的有可能被幹射欸，笑死,2,1
等我什麽XDDD,2,1
很幸福唷！,3,1
"有没有人用过咖啡因洗髮精呢？
 
 有效吗！",1,1
"张宇翔先生，你欠的四百多元，什麽时候才要还，天天在twitter上到处留言约飞高高，看来你是存心赖帐，有钱不还，拿去四处约hi？再不然就是你打算故计重施，
 
 第一步，装无辜纯情先骗到东西用
 
 第二步，事后才说你钱不够先付一点现金剩下的转帐
 
 第三步，开始装死不回应
 
 各位推友小心",1,4
谢谢啦,2,1
"Fuck you Samsung 
 
 
 
 我平常又没有用手机跑3A大作 现在连IG都开不了是怎样",1,3
"想卖点照片来维持生活～
 
 有愿意者可私唷",2,1
"5.9 索沙回中职首场就拿MVP🏆
 
 #认真看球 #索沙 #henrysosa #sosa #rakutenmonkeys #乐天桃猿 #楽天モンキーズ",2,1
排到几号了？😂,2,1
你说想要聊天，但是没有跟任何人互动啊？,1,2
"週末假期怎麽如此难熬
 
 原本已经有疲惫的身体
 
 加上内心上的无奈忧愁
 
 令人不争气的红了双眼
 
 手里的菸一只接着一只",1,4
在打狗城，好难,1,2
"火车上偶遇
 
 
 
 #牧风生活 #新竹夕阳 #彰化灯笼🏮 @ 彰化车站",1,1
"刚刚发佈了 1 段影片 @ Tainan, Taiwan",1,1
今天早上望着镜子里的血丝红眼睛，我告诉自己，以后千万不要在星期天晚上更新网路分享器的韧体。,1,2
好大唷超想摸的,2,1
高端只有单剂型吧？,1,1
只有说话咩？不能一起走路？,1,1
我好想去日本玩啊..........,2,1
"超级好看 超适合妳的❤️
 
 如果想买给推主 
 
 可以在订单备註
 
 我会帮忙寄出🥹",3,1
可以认识你吗？,1,1
娜玛夏看萤火蟲,1,1
"那些美好的画面反覆在播送
 
 但心破碎了之后 要怎麽去拼凑",2,3
赖来,1,1
我爱丝丝,2,1
喜欢旅行吃美食小吃希望遇到有共同兴趣爱好聊得来的朋友喔,3,1
"有人可以现在带我离开这里吗
 
  看是旅馆还是车站都行
 
 我觉得我快崩溃了 哈哈哈...",2,3
快来看看An🎀的影片！#TikTok,2,1
波波情人节快乐,3,1
刚刚发佈了 1 张相片 @ 台东,1,1
po出来 让大家看看是谁 这麽无聊🤣,2,2
不知不觉又到了看别人吃巧克力的日子,1,1
图是现在的手机锁定画面,1,1
真羡慕小樱不用上班啊Orz,2,2
这个人会骗钱啊要给假货啊大家自己小心一点他最喜欢给巧克力粉 看这种大家健康所以他都会给巧克力粉,1,3
讚,2,1
这些人是有多丢脸要改名⋯,1,2
我受够某原始森林高中了,1,3
惜哉剑术疏！,1,2
"第一次见面的时候，让你在楼下等了半小时，因为我紧张，与陌生人接触总是这样。但又戒不掉这种刺激。
 
 你穿着宽松的短袖T-shirt，却掩不住在白色棉料下的二头肌，当我仰望你说话，你微笑的单眼皮像狐狸，勾起的嘴角在说服我这样没关係。嗯没关係，因为我在等你说可以的时候。",3,2
白痴ㄛ 刚刚完全没发现上到2020ㄉtag 🤣🤣🤣,2,2
豪，希望不会融化☺️,2,1
粉红色指甲很好看,2,1
"这是我鹿港的最爱。
 
 
 
 （但他现在在卖的两仪茶也是香到不行）",3,1
每年在这特别的一天都有你陪伴，但你不在了今年感到格外的孤单。,2,3
哈哈我也有，她可能很无聊看谁回好诈骗手法吧。,2,3
"I'm at 日本台湾交流协会台北事务所 Japan-Taiwan Exchange Association, Taipei Office in 臺北市, 臺湾",1,1
松岛祝各位情人节快乐👒💖💐,3,1
天佑乌克兰,3,1
101的酷东东都好贵有钱人,1,1
一王二后，享受无穷,2,1
"perfect 👍🏼👍🏼👍🏼
 
 画得真的很好😍",4,1
有机会的😄,3,1
"桧木之美
 
 
 
 #珍惜资源爱地球不碍地球 @ 水上三界埔",2,1
"狂摇..
 
 哈哈.. @ 北埔老街商圈",2,1
我也想吃鲨鱼烟 没事 哈哈,2,1
"新的一年，闪也是要放好放满😆
 
 
 
 不管去哪里都要牵我牵紧紧的嘛❤️ #爱的练习题 
 
 
 
 Happy two-month anniversary ❤️亲爱的 @ 饶河光观夜市",4,1
"疫苗副作用
 
 就很睏....",1,2
后面的芥川怎麽那麽好笑,2,1
学姐讲话好像有南部腔～,2,1
我趴的数字是”0”唷🤫,1,1
总感觉自己的学习进度落后新工作都快半个月还是一堆不懂,1,2
"新年快热～～❤️
 
 用初三走春照
 
 来结束我最后一天的假期🥲
 
 虽然今年是黑🐯年
 
 还是希望大家都能
 
 如虎添亿
 
 五虎临门
 
 虎满乾坤虎满门
 
 🐯🐯🐯
 
 
 
 #log #life #lover #love
 
 #like #likes #tiger #daily
 
 #2022 #happyneryear
 
 #taiwan #kaohsiung 
 
 #happy #sweet #cute",4,2
我也是不爱壳类，烤玉米，理由一样😆,2,1
不是身体累 是我在想你,2,1
"欢迎进入滑板的🛹全新领域🛹
 
 #stardustskateshop #skatelife #skater #love #666 #taiwan 
 
  
 
 星尘商品连结 🦐",2,1
刚刚发佈了 1 张相片 @ 阿英粄条,1,1
喝咖啡聊是非不好吗？,1,1
不抓，改用挤蹭磨擦的驯服,1,1
太贴切了，啪的一声，毁了🥲,1,3
师大商圈都没学生呢！午餐吃饭就是舒服,2,1
来试试,1,1
没关係 我也只想废_(:3」∠ )_,2,2
好可爱的小姐姐。,3,1
冷到好不想出门,1,2
😧……我现在是要睡还是不睡😶,1,2
"爱就好好爱 
 
 不爱就别受伤😌 @ 宜兰",1,2
为什麽,1,1
趁他睡 骑上去www,2,1
家乡味 @ 微风南山 Breeze Nan Shan,2,1
刚刚发佈了 1 张相片 @ 松山国军医院,1,1
ㄏㄥˊ👀✨,1,1
"Triangle 曾靖尧、罗起豪、徐华珑，难度高超，早起扰人。
 
 罗起豪、曾靖尧，晚上陪我性福时刻，Everyday Now。
 
 有些情感注定不是社交软体能證明的，无法抹灭的情感，现实的烦困。",2,2
"今天有一个问题
 
 困扰了我一整天….
 
 就是…
 
 蛋奶素的人
 
 吃明太子跟鮭鱼卵算不算破戒？？
 
 😩😩😩🤔🤔🤔",1,2
来找我喝酒🍺,2,1
没关係原谅妳🌝,2,1
聪明的选择,2,1
"刚刚很没礼貌的客人起身撞到桌子
 
 我们的东西掉了（就是很大力啦也没有掉到地板）但应该要说个对不起？
 
 他们什麽都没说 然后女生还问他老公：你撞到桌子喔？
 
 然后老闆娘来收桌我们就：幹超没礼貌
 
 老闆娘就问我们 听完：啊很多客人都这样啦 不好意思
 
 幹幹幹老闆娘不是你的问题🥺💖💖💖",3,3
"回到家了
 
 好累
 
 明天还要继续",1,2
Tonight is another episode of 老师对不起,1,2
"职人精神
 
 
 
 鮨ㄑㄧˊ：早期日本冰块取得不易，为了食材保存，所以鱼与海鲜采用渍的方式来拉长保存时间。
 
 
 
 鲜：现在冰箱已然盛行，所以产生了鲜食即食。
 
 
 
 炙：近代为了不吃太生冷食材，采用的方式，同时也能增添风味。 @ 菜寮站",1,1
没事没事😂,2,1
厉害的盐水鸡，排第一个，哼⋯⋯⋯上次来要等50分钟。 @ 工地盐水鸡,2,2
"公告：
 
 已经结束过年地狱快速返北
 
 （没人想知道",1,2
对啊！认真说的话我会希望妳是我女友哈哈,2,1
这个老公公每天都在打嘴炮,1,2
"🤷‍♂️
 
 我的16型职业性格类型是“哲学家 (INFP)”！",1,1
看到推上有好多身材超好的男推瞬间没自信🤣,2,2
这个讚,2,1
那妳愿意收下我的部份吗？,1,1
少了灯光和一个伴,1,1
刚刚发佈了 1 张相片 @ 金三益健康茶饮（林森店）,1,1
确定后还是有点扛不住🤣🤣🤣,3,1
可能要在河滨的 亲子厕所吧？！ （3个人挤在里面,1,1
"刚刚发佈了 1 张相片 @ Kaohsiung, Taiwan",1,1
刚刚发佈了 1 张相片 @ 臺中驿 铁鹿大街,1,1
"马路三宝 讨厌的其中一种
 
 
 
 慢慢骑 挡路 然后我停红灯了
 
 
 
 他就慢慢的闯红灯",1,3
😊哈哈哈，一个人的晚餐，妈咪跟哥哥热好菜，其他摆盘就是我自己乱摆啦！好啦！我真的早上吃素，中午、晚上才吃荤呀！😂😂😂 @ 观音崙坪文化地景园区,3,1
新年快乐,2,1
是看到「关陇集团」这个概念吗？（虽然这个词好像有点争议,1,1
好可爱的病娇喔w,3,1
我真的直接在旅馆房间乱叫⋯⋯⋯,1,2
真害耶,1,2
"但我一直不确定自己的房间跟这间有没有关联（毕竟店名命名语法类似）
 
 我也满想去的",2,1
很多gay拍照表情都这样,1,1
褔袋内容还好,2,1
好颓废的感觉！ 😅,1,2
刚刚发佈了 1 张相片 @ 世新大学 Shih Hsin University,1,1
想妳,2,1
可以转号了哈哈,2,1
哈哈哈哈 可以呀~~等你考完吧~~但先说新竹真的很无聊,2,2
"！！体育大学新生宿舍！！
 
 意思是不少体育小鲜肉喝过！？",2,1
情人节快乐❤,3,1
不好吗😂😂😂,2,1
"不是吧 ！
 
 这还挤不进你心裏？
 
 要不我进你被窝裏。",2,1
"没有一件事是 神跟你弄错而离婚，都是自己离开伊甸园。
 
 
 
 2021.03.17笔记",1,2
请求好友喔,2,1
刚刚发佈了 1 张相片 @ 国泰医院总院,1,1
6.偷偷戳脸颊w,2,1
直接送他上太空就赢了，他做得到。,2,1
强制高潮,1,1
舔乾净🤔,1,1
结果变最多的是手机吗🤣🤣,2,1
"哇！D社终於出动了！
 
 恭喜孝敏💜💜💜",3,1
刚刚发佈了 1 张相片 @ 唐吉诃德二号店,1,1
"每日任务：
 
 
 
 用「不会先下后上吗？我站在前面还没上车你就插队是赶投胎吗？」酸硬要挤上车的大妈。",1,4
对……,1,1
"笑死，现在才发现有「讯息请求」。
 
 
 
 但不会回覆，因为讯息时间过很久了🤣。",3,2
来！我帮你🤨,2,1
"心情渐渐的平复下来了
 
 
 
 你的心河-River flows in you｜(Nice piano sheets Ver.)｜启发我弹钢琴的第一首歌",2,1
还真的被剪出啦XD,2,1
妳真的超棒的,3,1
省道上那间 普普通通,1,1
"哀家果然没被耽误，还是靠笔吃饭比较不会20，到底。
 
 
 
 #龙猫表示他本人没这麽锉过
 
 #原来龙猫不是龙也不是猫是老鼠
 
 #培养兴趣尝试学习之后的生活技能 @ Miss J Baking Studio",1,1
"我真的不是谁都可以
 
 品质还是要要求一下",1,1
"这两天，很晕
 
 因为
 
 我在18摇",1,1
哈哈，无知真的很可怕,2,2
加油 祝一切顺利,3,1
漂亮我要够长,2,1
"前几天难得成功的纽约客
 
 结果今天才贴上来😂 @ Taipei, Taiwan",2,1
等你回来 抱一个🫂,2,1
童年避难所 VOL.13 - 『 Star Wars 3.75吋 塔图因场景製作』2022 台中星战日活动特辑,2,1
"看了超级月亮变成狼人
 
 嗷呜～",2,1
"同事一句话惹怒其他同事：东西放好先休息一下，3点再过来场佈欧～
 
 
 
 Ps.当时 1：30
 
 
 
 #りしれ供さ小 
 
 #为什麽不一次搞定",1,2
对,1,1
好想坏坏呐～～,2,1
"布丁真的看起来好可爱又超好吃😋
 
 但是我不想被吃掉🫣",4,1
"早上阿乐已经有打了一大段感人的东东🥺🥺只是我还没点进去看
 
 好爱阿乐！",3,1
"裸装自备瓶子容器的环保洗衣精474
 
 市面买的洗衣球补充包26回167左右
 
 
 
 天啊真的环保有价",2,2
为什麽是矿工？,1,1
老师也帅帅啊,3,1
#20211014 去年生日 我拖到在才丢照片上来🤣 #007 #notimetodie #青埔 #新光影城 @ 桃园新光影城,2,1
好帅,2,1
我需要你来指点？滚,1,3
有人要打传说吗私我加好友,1,1
"生日第一餐
 
 笃行街大麵羹 @ 笃信街三代大麵庚",1,1
突然理解，无聊的是脚本,1,2